Smiles,IC50
Cn1ccc2ncnc(Oc3ccc(NC(=O)Nc4cccc(C(F)(F)F)c4)c(F)c3)c21,0.033
COc1cc2/c(=N/c3ccc(Br)cc3F)nc[nH]c2cc1OCC1CCN(C)CC1,0.04
Cc1cc(C(=O)Nc2cccc(Oc3ccc4nc(NC(=O)C5CC5)cn4n3)c2)n(C)n1,0.19
COc1cc2nccc(Oc3ccc4c(C(=O)Nc5ccon5)cccc4c3)c2cc1OC,0.2
COc1cc2nccc(Oc3ccc(NC(=O)Nc4cccc(C)c4)cc3)c2cc1OC,0.2
COc1cc2nccc(Oc3ccc(NC(=O)Nc4ccccc4)cc3)c2cc1OC,0.2
COc1cc2c(Oc3ccc(NC(=O)Nc4ccc5occc5c4)c(Cl)c3)ncnc2cc1OCCCN1CCCC1,0.34
COc1cc2nccc(Oc3ccc4c(C(=O)NC5CC5)cccc4c3)c2cc1C(N)=O,0.37
COCCOc1cc2ncnc(NC3=CC(=O)C(OC(CF)CF)=C(Cl)C3=O)c2cc1OC,0.4
COc1ccc(/C=C/C(=N/Nc2nncc3ccccc23)c2ccc(Cl)cc2)cc1,0.41
COc1cc2nccc(Oc3ccc(NC(=O)C4(C(=O)Nc5ccc(F)cc5)CC4)cc3)c2cc1OC,0.48
COc1cc2nccc(Oc3ccc(NC(=O)Nc4ccccc4F)cc3)c2cc1OC,0.5
Cc1ccc(C(/C=C/c2ccc(F)cc2)=N\Nc2nncc3ccccc23)cc1,0.7
COc1cc2c(Oc3ccc(NC(=O)C4(C(=O)Nc5ccc(F)cc5)CC4)cc3F)ccnc2cc1OCCCN1CCOCC1,0.8
COc1cc2nccc(Oc3ccc4c(C(N)=O)cccc4c3)c2cc1OC,0.8913
C[C@H]1Cc2c(ncnc2Oc2ccc3c(ccn3C(=O)Nc3cc(C4(C)CC4)[nH]n3)c2)CN1,0.9
COc1cc2nccc(Oc3ccc(NC(=O)Nc4ccc(F)cc4F)c(F)c3)c2cc1OC,0.9
COc1cc2c(Oc3ccc(NC(=O)C4(C(=O)Nc5ccc(F)cc5)CC4)cc3F)ccnc2cc1OCCCN1CCOCC1,0.9
COCCOc1cc2ncnc(NC3=CC(=O)C(OC)=C(Cl)C3=O)c2cc1OC,1
COCCOc1cc2ncnc(NC3=CC(=O)C(OCc4cccc(F)c4)=C(Cl)C3=O)c2cc1OC,1
COc1cccc(NC(=O)Nc2ccc(Oc3ccnc4cc(OC)c(OC)cc34)cc2)c1,1
O=C(c1cccnc1)N1CCc2nc(-c3cc4cc(F)ccc4[nH]c3=O)[nH]c2C1,1
CS(=O)(=O)O.N#CC1(c2ccc(NC(=O)c3cccnc3NCc3ccncc3)cc2)CCCC1,1
Cc1cccc(NC(=O)Nc2ccc(-c3nsc4ncnc(N)c34)cc2)c1,1
CNC(=O)c1cc(Oc2ccc(NC(=O)Nc3ccc(Cl)c(C(F)(F)F)c3)cc2)ccn1,1.06
COc1ccc(NC(=O)Nc2ccc(Oc3ccnc4cc(OC)c(OC)cc34)cc2)cc1,1.1
COc1cc2nccc(Oc3ccc(NC(=O)Nc4ccc(F)c(F)c4)cc3)c2cc1OC,1.1
Cc1cc(C(=O)Nc2cccc(Oc3ccc4nc(NC(=O)C5CC5)cn4c3)c2)n(C)n1,1.1
COc1cc2c(Oc3ccc(NC(=O)Nc4cccc5c4oc4ccccc45)c(Cl)c3)ncnc2cc1OCCCN1CCCC1,1.13
O=C(Nc1cccc(-c2cncc3ccccc23)c1)c1ccccc1NCc1ccncc1,1.16
COC(=O)Nc1nc2ccc(Oc3ccc(NC(=O)Nc4cccc(SC(F)(F)F)c4)cc3)cc2[nH]1,1.3
COc1cc2ncnc(Oc3ccc4c(C(N)=O)cccc4c3)c2cc1OC,1.3
Cc1nc(C(=O)Nc2cc(Oc3ccc4nc(NC(=O)C5CC5)nn4c3)ccc2C)c(C)s1,1.5
CN1CCN(CC(=O)Nc2nc3ccc(Oc4ccc(NC(=O)Nc5cc(C(F)(F)F)ccc5F)cc4)cc3[nH]2)CC1,1.5
COc1cc2nccc(Oc3ccc(NC(=O)Nc4cccc(Cl)c4)cc3)c2cc1OC,1.6
COc1cc2c(NC3=CC(=O)C(OCC#Cc4ccccc4)=CC3=O)ncnc2cc1OCCCN1CCCC1,1.8
COc1cc2nccc(Oc3ccc(NC(=O)Nc4cc(F)cc(F)c4)cc3)c2cc1OC,1.8
COc1ccc(NC(=O)Nc2ccc(-c3csc4c(-c5cnn(C[C@H](O)CO)c5)cnc(N)c34)cc2)cc1,1.83
Cc1ccc(NC(=O)c2cccc3cc(-c4cccc5[nH]nc(N)c45)ccc23)cc1,1.9
CO/N=C/c1c(N)ncnc1Oc1ccc(NC(=O)Nc2cc(C)on2)c(Cl)c1,2
COc1cc2nccc(Oc3ccc4c(NC(=O)c5cccc(C)c5)nn(C)c4c3)c2cc1OC,2
COc1cc2nccc(Oc3ccc4c(NC(=O)c5cc(Cl)ccn5)nn(C)c4c3)c2cc1OC,2
CCO/N=C(\C)c1ccc2[nH]c3c4c(c5c(c3c2c1)CNC5=O)-c1cn(C)nc1CC4,2
COc1cc2ncnc(Oc3ccc(NC(=O)Nc4ccc5ccccc5c4)c(C)c3)c2cc1OC,2
Nc1n[nH]c2nccc(-c3ccc(NC(=O)Nc4ccc(F)c(C(F)(F)F)c4)cc3)c12,2
Nc1ncc(-c2cnn(CCO)c2)c2scc(-c3ccc(NC(=O)Nc4cccc(F)c4)cc3)c12,2
Cc1cccc(NC(=O)Nc2ccc(-c3csc4ncnc(N)c34)cc2F)c1,2
CC1=[N+](c2ccccc2)C(=O)C(C(=O)Nc2ccc(Oc3ccc4nc(NC(=O)C5CC5)cn4c3)c(F)c2)C=C1.Cl,2.2
COc1cc2c(NC3=CC(=O)C(OCC(F)F)=CC3=O)ncnc2cc1OCCCN1CCCC1,2.4
CC(Oc1ccc2[nH]nc(-c3nc4cc(N(C)C(=O)CN(C)C)ccc4[nH]3)c2c1)c1c(Cl)cncc1Cl,2.5
Nc1n[nH]c2cccc(-c3ccc4c(C(=O)Nc5ccc(F)cc5F)cccc4c3)c12,2.6
COc1cc2nccc(Oc3ccc(NC(=O)Nc4ccc(F)cc4F)cc3Cl)c2cc1OC,2.6
Cn1cc(-c2cnc(N)c3c(-c4ccc(NC(=O)Nc5ccccc5F)cc4)csc23)cn1,3
Cc1ccoc1C(=O)Nc1cccc(C#Cc2cc(C(=O)N=S(C)(=O)CC(=O)N3CC[C@H](O)C3)cnc2N)c1,3
Cn1cc(-c2cnc(N)c3c(-c4ccc(NC(=O)Nc5ccccc5)cc4)csc23)cn1,3
COC1=CC(=O)C(Nc2ncnc3cc(OCCCN4CCCC4)c(OC)cc23)=CC1=O,3
COc1cc2ncnc(Nc3cc(O)c(C)cc3F)c2cc1OC,3
CNC(=O)c1cc(Oc2ccc(NC(=O)Nc3ccc(Cl)c(C(F)(F)F)c3)cc2)ccn1,3.12
O=C(Nc1ccc(Oc2cc(Nc3cccc(CN4CCCC4)c3)ncn2)cc1)Nc1cccc(C(F)(F)F)c1,3.2
CNC(=O)c1cc(Oc2ccc(NC(=O)Nc3ccc(Cl)c(C(F)(F)F)c3)cc2)ccn1,3.2
COC(=O)c1ccc2c(c1)NC(=O)/C2=C(\Nc1ccc(N(C)C(=O)CN2CCN(C)CC2)cc1)c1ccccc1,3.3
Cc1ccc(NC(=O)c2cccc3cc(-c4cccc5[nH]nc(N)c45)ccc23)c(F)c1,3.3
Cc1cc(C(=O)Nc2cccc(Oc3ccc4nc(NC(=O)C5CC5)sc4c3)c2)n(C)n1,3.6
Cn1nc(N)c2c(-c3ccc(NC(=O)Nc4ccc(F)c(C(F)(F)F)c4)cc3)cncc21,3.7
Cn1ccc2ncnc(Oc3ccc(NC(=O)Nc4cccc(C(F)(F)F)c4)c(Cl)c3)c21,3.7
COc1cc2nccc(Oc3ccc(NC(=O)Nc4ccc(Cl)c(Cl)c4)cc3)c2cc1OC,3.7
Cc1[nH]c2c(c1C(=O)NCCCN1CCCC1)CCC/C2=C1/C(=O)Nc2ccc(F)cc21,3.8
Cc1ccc(F)c(NC(=O)c2cccc3cc(-c4cccc5[nH]nc(N)c45)ccc23)c1,3.8
CCN(CC)CCOc1ccc(C)c(NC(=O)Nc2cc(OC)c(OC)c(-c3ccc(/C(C)=N/O)c(OC)c3)c2)c1,3.9
CCc1cc(NC(=O)Cc2ccc(Oc3ccnc4cc(OC)ccc34)cc2OC)n[nH]1,4
Nc1ncc(-c2cnn(CCN3CCCCC3)c2)c2scc(-c3ccc(NC(=O)Nc4cccc(F)c4)cc3)c12,4
c1cc(-c2cnn3cc(-c4ccc(OCCN5CCOCC5)cc4)cnc23)cs1,4
CCO/N=C(\C)c1ccc2[nH]c3c4c(c5c(c3c2c1)CNC5=O)-c1cn(C)nc1CC4,4
CCO/N=C(\C)c1ccc2c(c1)c1c3c(c4c(c1n2C(C)C)CCc1nn(C)cc1-4)C(=O)NC3,4
C/C(=N\OC(C)C)c1ccc2c(c1)c1c3c(c4c(c1n2CC(C)C)CCc1nn(C)cc1-4)C(=O)NC3,4
CO/N=C(/c1ccc2[nH]c3c4c(c5c(c3c2c1)CNC5=O)-c1cn(C)nc1CC4)C(C)C,4
CC(=O)N1CCN(CCOc2ccc3[nH]c(-c4cc5ccccc5nc4O)cc3c2)CC1,4
COC(=O)CCCCS(C)(=O)=NC(=O)c1cnc(N)c(C#Cc2cccc(NC(=O)c3ccc(OC)c(OC)c3)c2)c1,4
COc1cc2nccc(Oc3ccc(NC(=O)NC4CC4)c(Cl)c3)c2cc1C(N)=O,4
COc1cc2c(NC3=CC(=O)C(OCc4ccco4)=CC3=O)ncnc2cc1OCCCN1CCCC1,4.2
CNC(=O)c1cc(Oc2ccc(NC(=O)Nc3ccc(Cl)c(C(F)(F)F)c3)c(F)c2)ccn1,4.2
Cc1ccc(C(=O)Nc2cccc(C(F)(F)F)c2)cc1Nc1ncccc1-c1ccncn1,4.2
O=C(CN1CCOCC1)N1CCc2nc(-c3cc4cc(F)ccc4[nH]c3=O)[nH]c2C1,4.3
COc1ccc(NC(=O)Nc2ccc3c(c2)NC(=O)/C3=C\c2[nH]c(C)c(CC(=O)O)c2C)cc1,4.7
O=C(Nc1ccc(OCCN2CCCC2)c(F)c1)c1cccc(-c2cccc(O)c2)c1,4.86
COc1cc2c(Oc3ccc(NC(=O)C4(C(=O)Nc5ccc(F)cc5)CC4)cc3F)ccnc2cc1OCCCN1CCOCC1,4.86
O=C(c1ccc(CN2CCCCC2)cc1)N1CCc2nc(-c3cc4cc(F)ccc4[nH]c3=O)[nH]c2C1,4.9
Cc1cccc(NC(=O)Nc2ccc(-c3ccc(F)c4[nH]nc(N)c34)cc2)c1,5
Cc1cccc(NC(=O)Nc2ccc(-c3csc4c(-c5ccncc5)cnc(N)c34)cc2)c1,5
COc1ccc(Nc2ncc3c(n2)CCN(C(=O)c2cccnc2)C3)cc1,5
CCCn1c2ccc(C(=O)c3cccs3)cc2c2c3c(c4c(c21)CCc1nn(C)cc1-4)C(=O)NC3,5
COC(=O)CCCCS(C)(=O)=NC(=O)c1cnc(N)c(C#Cc2cccc(NC(=O)c3cccc(OC)c3)c2)c1,5
CCN(CC)CCN1CCc2[nH]c(/C=C3\C(=O)Nc4ccc(F)cc43)c(C)c2C1=O,5
Cc1cccc(NC(=O)Nc2ccc(-c3cccc4onc(N)c34)cc2)c1,5
COc1cc(-c2cc(NC(=O)Nc3ccc(OCCN4CCCCC4)cc3C)cc(OC)c2OC)ccc1C(C)=O,5.26
O=C(Nc1ccc(Cl)c(C(F)(F)F)c1)Nc1cc(Oc2cc(NC(=O)C3CC3)ncn2)ccc1F,5.4
O=C(Nc1ccc(Oc2ccnc(NC(=O)C3CC3)c2)c(F)c1)Nc1cc(C(F)(F)F)cc(N2CCOCC2)n1,5.4
CN1CCC(COc2ccc3c(Nc4ccc(NC(=O)Nc5cccc(F)c5)cc4)ncnc3c2)CC1,5.5
COc1cc2nccc(Oc3ccc(NC(=O)Nc4ccc([N+](=O)[O-])cc4)cc3)c2cc1OC,5.6
COCCOc1cc2ncnc(NC3=CC(=O)C(OC(CF)CF)=C(OC)C3=O)c2cc1OC,5.7
COc1cc2c(NC3=CC(=O)C(OCCN(C)c4ccccc4)=CC3=O)ncnc2cc1OCC1CCN(C)CC1,5.8
Nc1ncnc2c1N=C(c1ccc(NC(=O)Nc3ccc(Cl)c(C(F)(F)F)c3)cc1)CCN2,6
Cc1cccc(NC(=O)Nc2ccc(-c3csc4c(-c5cc[nH]n5)cnc(N)c34)cc2)c1,6
COc1cc2c(Nc3ccc(Br)cc3F)ncnc2cc1OCCC1CCN(C)CC1,6
COc1ccccc1NC(=O)Nc1ccc(-c2csc3c(-c4cnn(C)c4)cnc(N)c23)cc1,6
Cn1cc(/C=C2\C(=O)NN=C2c2cnccn2)c2c(Br)cccc21,6
CNC(=O)c1cc(COc2nnc(Nc3ccc(Cl)cc3)c3ccoc23)ccn1,6
CCn1cnc(-c2cc3nccc(Oc4ccc(NC(=O)CC(=O)N(C)c5ccccc5)cc4F)c3s2)c1,6
CCn1cnc(-c2cc3nccc(Oc4ccc(NC(=O)CC(=O)Nc5ccccc5OC)cc4F)c3s2)c1,6
Cc1cccc(NC(=O)Nc2ccc(-c3c(C)sc4ncnc(N)c34)cc2)c1,6
Cn1cc(-c2ccn3c(N)c(-c4ccc(NC(=O)Nc5ccc(F)c(C(F)(F)F)c5)cc4)cnc23)cn1,6
COc1cc(OC)cc(-c2cc3cnc(NCCCCN4CCOCC4)cc3nc2NC(=O)NC(C)(C)C)c1,6
O=C(NC1CCNC1)c1ccc2[nH]c(-c3cc4ccccc4nc3O)cc2c1,6
CC1CN(c2cc(NC(=O)Nc3ccc(Oc4ccnc(NC(=O)C5CC5)c4)c(F)c3)cc(C(F)(F)F)c2)CC(C)O1,6.2
COc1cc2c(NC3=CC(=O)C(OC(CF)CF)=CC3=O)ncnc2cc1OCCCN1CCCC1,6.4
O=C(Cc1ccncc1)N1CCc2nc(-c3cc4ccccc4[nH]c3=O)[nH]c2C1,6.7
Cc1cc(Oc2cc(NC(=O)C3CC3)ncn2)ccc1NC(=O)Nc1ccc(Cl)c(OC(F)(F)F)c1,6.8
COc1cc2nccc(Oc3ccc4oc(Nc5ccc(Cl)c(OC[C@@H]6CCCN6C)c5)nc4c3)c2cc1OC,7
Cn1cc(-c2cnc(N)c3c(-c4ccc(NC(=O)Nc5cccc(Cl)c5)cc4)csc23)cn1,7
COC(=O)CCCCS(C)(=O)=NC(=O)c1cnc(N)c(C#Cc2cccc(NC(=O)c3occc3C)c2)c1,7
O=C1Nc2cc([N+](=O)[O-])ccc2/C1=C(/Nc1ccc(CN2CCCCC2)cc1)c1ccccc1,7
CCn1cnc(-c2cc3nccc(Oc4ccc(NC(=O)CC(=O)Nc5ccccc5O)cc4F)c3s2)c1,7
COc1cc2c(NC3=CC(=O)C(OC(CF)CF)=CC3=O)ncnc2cc1OCCCN1CCCC1,7.4
COc1cc2nccc(Oc3ccc(NC(=O)c4c(C)n(C)n(-c5ccccc5)c4=O)cc3F)c2cc1OC,7.8
Nc1n[nH]c2nccc(-c3ccc(NC(=O)Nc4cc(C(F)(F)F)ccc4F)cc3)c12,7.9
Cc1[nH]c(/C=C2\C(=O)Nc3cc(NC(=O)Nc4ccc(Cl)cc4)ccc32)c(C)c1C(=O)O,7.9
O=C(Nc1cc(-c2ccncc2)cc(C(F)(F)F)c1)Nc1ccc(Oc2ccnc(NC(=O)C3CC3)c2)c(F)c1,8
O=C(O)C1CCN(CCCOc2ccc3[nH]c(-c4cc5ccccc5nc4O)cc3c2)CC1,8
COC(=O)c1cncc2c1CCN(c1cccc(C(=O)Nc3cccc(C(F)(F)F)c3)c1)C2,8
CCn1cnc(-c2cc3nccc(Oc4ccc(NC(=O)C5(C(=O)Nc6ccccc6)CC5)cc4F)c3s2)c1,8
Cn1cc(-c2cnc(N)c3c(-c4ccc(NC(=O)Nc5ccc(Cl)cc5)cc4)csc23)cn1,8
COCCOc1cc2ncnc(NC3=CC(=O)C(OCC#Cc4ccccc4)=CC3=O)c2cc1OC,8.1
Cc1cc(Oc2cc(NC(=O)C3CC3)ncn2)ccc1NC(=O)Nc1ccc(C#N)c(Cl)c1,8.3
COc1cc2ncnc(Oc3ccc(NC(=O)NC4(C#N)CCCC4)c4ccccc34)c2cc1OC,8.7
CCN(CC)CCOc1ccc(NC(=O)c2cccc(-c3cccc(O)c3)c2)cc1F,8.74
COc1cc2nccc(Oc3ccc(NC(=O)Nc4cc(Cl)cc(Cl)c4)cc3)c2cc1OC,8.9
COc1cc2c(Nc3ccc(Cl)cc3F)ncnc2cc1OCCCN1CCOCC1,9
CCCn1c2ccc(Nc3ncc(CC)cn3)cc2c2c3c(c4c(c21)CCc1nn(C)cc1-4)C(=O)NC3,9
Nc1ncnc2c1c(-c1ccc3[nH]ccc3c1)nn2C1CCCC1,9
CC(Oc1ccc2[nH]nc(-c3nc4cc(N5C[C@@H](C)N[C@@H](C)C5)ccc4[nH]3)c2c1)c1c(Cl)cncc1Cl,9
CC(F)(F)c1ccc(F)c(NC(=O)Nc2ccc(Oc3ccnc(NC(=O)C4CC4)c3)cc2F)c1,9.1
O=C(Nc1cc(Oc2cc(F)c(NC(=O)C3(C(=O)Nc4ccc(F)cc4)CC3)cc2F)ccn1)C1CC1,9.2
O=C(Nc1ccc(Oc2ccnc(NC(=O)C3CC3)c2)cc1F)Nc1cc(OC(F)(F)F)ccc1F,9.4
COc1ccc(NC(=O)Nc2ccc(Oc3ncnc4ccn(C)c34)cc2Cl)cc1C(F)(F)F,9.4
COc1cc2c(NC3=CC(=O)C(OCc4ccccn4)=CC3=O)ncnc2cc1OCCCN1CCCC1,9.6
Nc1cc(NC(=O)Nc2ccc(Oc3ccnc(NC(=O)C4CC4)c3)c(F)c2)cc(C(F)(F)F)c1,9.7
CC(F)(F)c1cccc(NC(=O)Nc2ccc(Oc3ccnc(NC(=O)C4CC4)c3)c(F)c2)c1,9.8
CC(F)(F)c1cccc(NC(=O)Nc2ccc(Oc3ccnc(NC(=O)C4CC4)c3)cc2F)c1,9.9
O=C(Nc1cccc(Oc2cc(NC(=O)C3CC3)ncn2)c1)Nc1ccc(Cl)c(C(F)(F)F)c1,9.9
CC(C)Nc1ccc(Oc2cc(O)cc(O)c2-c2cc(C(=O)NC3CCN(C)CC3)no2)cc1,10
CC(C)n1c2ccc(C3CCCCO3)cc2c2c3c(c4c(c21)CCc1nn(C)cc1-4)C(=O)NC3,10
C(#Cc1cc(-c2n[nH]c3c2Cc2cc(CN4CCSC4)ccc2-3)cs1)COc1ccccc1,10
Nc1noc2cccc(-c3ccc(NC(=O)Nc4cccc(Br)c4)cc3)c12,10
Cn1cnc(-c2cc3nccc(Oc4ccc(NC(=S)NC(=O)Cc5ccccc5)cc4F)c3s2)c1,10
Cc1cccc(NC(=O)Nc2ccc(-c3ccc(NC(=O)c4cccnc4)c4c3CNC4=O)cc2)c1,10
COc1ccc(NC(=O)Nc2ccc3c(c2)NC(=O)/C3=C\c2[nH]c(C)c(CCC(=O)O)c2C)cc1,10
CCCn1c2ccc(Nc3ncccn3)cc2c2c3c(c4c(c21)CCc1nn(C)cc1-4)C(=O)NC3,10
CCc1cnc(Nc2ccc3c(c2)c2c4c(c5c(c2n3CC(C)C)CCc2nn(C)cc2-5)C(=O)NC4)nc1,10
CN1CCN(CC(=O)Nc2cccc3c2Cc2c-3n[nH]c2-c2csc(C#CCOc3ccccc3)c2)CC1,10
Cn1cnc(-c2cc3nccc(Oc4ccc(NC(CC(=O)Nc5ccccc5)C(F)(F)F)cc4F)c3s2)c1,10
CCCCn1c2ccc(C3CCCCO3)cc2c2c3c(c4c(c21)CCc1nn(C)cc1-4)C(=O)NC3,10
Cn1cc(/C=C2\C(=O)NN=C2c2cnccn2)c2cc(Cl)ccc21,10
O=C(Nc1cccc(Oc2ccc3nc(NC(=O)C4CCOCC4)cn3n2)c1)c1cccc(C(F)(F)F)c1,10
CC(=O)c1ccc2c(c1)c1c3c(c4c(c1n2C)CCc1nn(C)cc1-4)C(=O)NC3,10
O=C(Nc1ccc(F)cc1)Nc1cccc(Sc2ccnc3ccsc23)c1,10
Cc1ccc(CCCN(C)C)cc1Nc1ncc2c(n1)-c1ccc(Cl)cc1NC(=S)C2,10
O=C(Nc1ccc(Oc2ccnc(NC(=O)C3CC3)c2)cc1)Nc1ccc(Cl)c(C(F)(F)F)c1,10.2
CC(F)(F)c1ccc(F)c(NC(=O)Nc2ccc(Oc3cc(NC(=O)C4CC4)ncn3)c(F)c2)c1,10.2
C#CC(OC1=CC(=O)C(Nc2ncnc3cc(OCCCN4CCCC4)c(OC)cc23)=CC1=O)c1ccccc1,10.4
Cc1ccc(C(=O)NC2CC2)cc1-c1ccc2nc(NCCN3CCOCC3)ncc2c1,10.5
O=C(Nc1cc(N2CCOCC2)cc(C(F)(F)F)c1)Nc1ccc(Oc2ccnc(NC(=O)C3CC3)c2)c(F)c1,10.7
Cc1ccc(Oc2ccnc(NC(=O)C3CC3)c2)cc1NC(=O)Nc1cc(C(F)(F)F)ccc1F,10.7
CC(C)(C)OCc1ccc2c(c1)c1c3c(c4c(c1n2CCCO)Cc1ccccc1-4)C(=O)NC3,11
Cc1cccc(NC(=O)Nc2cccc(C#Cc3cncc(C(=O)N=S(C)(C)=O)c3)c2)c1,11
NC(=O)c1c(OCc2c(F)cc(Br)cc2F)nsc1NC(=O)NCCCCN1CCCC1,11
COc1ccnc(Nc2ncc(-c3ccccc3)s2)c1,11
Cc1cc2c(F)c(Oc3ncnc(N)c3/C=N/OCCCO)ccc2[nH]1,11
COc1ccc(-c2ccc(NC(=O)Nc3cccc(C(F)(F)F)c3)cc2)c2c(N)noc12,11
CNC(=O)c1cc(Oc2ccc(NC(=O)Nc3ccc(Cl)c(C(F)(F)F)c3)cc2)ccn1,11.1
COc1cc2c(NC3=CC(=O)C(OC(CF)CF)=CC3=O)ncnc2cc1OCC1CCN(C)CC1,11.2
C=CC(=O)Nc1cc(NC(=O)Nc2ccc(Oc3ccnc(NC(=O)C4CC4)c3)c(F)c2)cc(C(F)(F)F)c1,11.6
CN[C@@H]1C[C@H]2O[C@@](C)([C@@H]1OC)n1c3ccccc3c3c4c(c5c6ccccc6n2c5c31)C(=O)NC4,11.7
Cc1cc(C(=O)Nc2ccc(Oc3ccc4nc(NC(=O)C5CC5)cn4n3)cc2)n(C)n1,12
Nc1ncnc2c1c(-c1cnc3[nH]ccc3c1)nn2C1CCCC1,12
CCCn1c2ccc(NC(=O)Oc3ccc(OC)cc3)cc2c2c3c(c4c(c21)CCc1nn(C)cc1-4)C(=O)NC3,12
CCn1cnc(-c2cc3nccc(Oc4ccc(NC(=O)N5CCN(c6ccccc6)C5=O)cc4F)c3s2)c1,12
COc1cc2ncnc(Oc3ccc(Nc4nccc5[nH]cc(-c6ccc(F)cc6)c(=O)c45)cc3F)c2cc1OCCO.Cc1ccc(S(=O)(=O)O)cc1,12.3
CC(F)(F)c1ccc(F)c(NC(=O)Nc2cnc(Oc3ccnc(NC(=O)C4CC4)c3)c(F)c2)c1,12.7
Cc1cc(C)c(/C=C2\C(=O)Nc3ccccc32)[nH]1,12.9
COc1cc(-c2csc3ncnc(N)c23)ccc1NC(=O)Nc1cccc(C)c1,13
Cc1cccc(NC(=O)Nc2ccc(-c3[nH]c4ccccc4c3C(N)=O)cc2)c1,13
Cc1cccc(NC(=O)Nc2ccc(-c3nsc4ncnc(N)c34)cc2)c1,13
Cc1cccnc1Nc1ncc(-c2ccccc2)s1,13
CN1CCN(c2ccc3nc(-c4c(N)c5c(F)cccc5[nH]c4=O)[nH]c3c2)CC1,13
Cc1cc(Oc2cc(NC(=O)C3CC3)ncn2)ccc1NC(=O)Nc1ccc(F)c(C(C)(F)F)c1,13.3
Cc1cc(Oc2cc(NC(=O)C3CC3)ncn2)ccc1NC(=O)Nc1ccc(NC2CCN(C)CC2)c(C(F)(F)F)c1,13.3
Cc1cc(Oc2cc(NC(=O)C3CC3)ncn2)ccc1NC(=O)Nc1ccc(F)c(OC(F)(F)F)c1,13.3
Cc1ccc(Oc2ccnc(NC(=O)C3CC3)c2)cc1NC(=O)Nc1ccc(F)c(C(C)(F)F)c1,13.4
COc1cc2c(NC3=CC(=O)C(OCc4ccccc4)=CC3=O)ncnc2cc1OCC1CCN(C)CC1,13.6
CN1CCN(CCCNc2cc3nc(NC(=O)NC(C)(C)C)c(-c4c(Cl)cccc4Cl)cc3cn2)CC1,14
Cc1cc(Oc2ccnc(NC(=O)C3CC3)c2)ccc1NC(=O)Nc1ccc(Cl)c(C(C)(F)F)c1,14
Cn1ccc2ncnc(Oc3ccc(NC(=O)Nc4cccc(C(F)(F)F)c4)c(F)c3)c21,14
O=C(Nc1cccc(Oc2cc(NC(=O)C3CC3)ncn2)c1)Nc1ccc(F)c(C(F)(F)F)c1,14.9
CN1CCN(Cc2ccc3c(c2)Cc2c(-c4csc(C#CCNC(=O)Nc5ccccc5)c4)n[nH]c2-3)CC1,15
CCN(CC)CCCNc1cc2nc(NC(=O)NC(C)(C)C)c(-c3cc(OC)cc(OC)c3)cc2cn1,15
COC(=O)CCCCS(C)(=O)=NC(=O)c1cnc(N)c(C#Cc2cccc(NC(=O)c3ccc(OC)c(OC)c3)c2)c1,15
Nc1nc2ccc(Oc3ccc(NC(=O)Nc4cc(C(F)(F)F)ccc4F)cc3)cc2[nH]1,15
COc1cc2c(Nc3ccc(Cl)cc3F)ncnc2cc1OCC1CCN(C)CC1.Cl,15
O=C(CN1CCCCC1)N1CCc2nc(-c3cc4ccccc4[nH]c3=O)[nH]c2C1,16
Cn1cc2c(n1)CCc1c-2c2c(c3c4cc(C5CCCCO5)ccc4n(CCCO)c13)CNC2=O,16
CCN(CC)CCn1c2ccc(C3CCCCO3)cc2c2c3c(c4c(c21)CCc1nn(C)cc1-4)C(=O)NC3,16
COC(=O)Nc1nc2ccc(Oc3ccc(NC(=O)Nc4cc(C(F)(F)F)ccc4F)cn3)cc2[nH]1,16
COC(=O)Nc1nc2ccc(Oc3ccc(CC(=O)Nc4cc(C(F)(F)F)ccc4F)cc3)cc2[nH]1,16
CN1CCN(CCCn2cc(-c3cncc(-c4ccsc4)c3)c3ccccc32)CC1,16
Cc1cccc(NC(=O)Nc2ccc(Oc3ccnc(-c4cc(C(=O)NCCCC(=O)O)c[nH]4)c3)cc2F)c1,16
NC1CCN(S(=O)(=O)c2ccc3[nH]c(-c4cc5ccccc5nc4O)cc3c2)C1,16
CC(C)n1cnc(-c2cc3nccc(Oc4ccc(NC(=O)C5CCN(c6ccccc6)C5=O)cc4F)c3s2)c1,16
CCCNc1nnc(-c2cn3ncnc(Nc4cc(C(=O)NC5CC5)c(F)cc4F)c3c2C(C)C)o1,17
COc1cc2/c(=N/c3ccc(Br)cc3F)nc[nH]c2cc1OCC1CCN(C)CC1,17
CC(C)Cn1c2ccccc2c2c3c(c4c(c21)CCc1nn(C)cc1-4)C(=O)NC3,17
Cc1ccc(F)c(NC(=O)Nc2ccc(-c3[nH]c4ccccc4c3C(N)=O)cc2)c1,17
CC(C)c1ccc(Nc2nnc(-c3cccc4cnccc34)c3ccccc23)cc1,17
O=C(NCc1ccccc1)c1ccc(F)c(NCc2cnc(Nc3ccccn3)s2)c1,17
C=CCn1c2ccc(C3CCCCO3)cc2c2c3c(c4c(c21)CCc1nn(C)cc1-4)C(=O)NC3,18
CONC(=O)c1cc(Nc2ncnn3cc(-c4nnc(C)o4)c(C(C)C)c23)c(F)cc1F,18
Cc1ccccc1NC(=O)c1ccc(NC(=O)CSc2nc3ccccc3n3cnnc23)cc1,18.4
COCCOc1cc2ncnc(NC3=CC(=O)C(OCc4c(F)c(F)c(F)c(F)c4F)=CC3=O)c2cc1OC,18.6
CCN(CC)CCNC(=O)c1c(C)[nH]c(/C=C2\C(=O)Nc3ccc(F)cc32)c1C,18.9
O=C(Nc1cccc(C(F)(F)F)c1)c1cccc(N2CCc3ncncc3C2)c1,19
Cc1ccc(Nc2ncc(-c3ccccc3)s2)nc1,19
COCCN(CCOc1ccc(-c2cnc3c(-c4ccsc4)cnn3c2)cc1)Cc1ccccc1,19
Cn1nc(C(C)(C)C)cc1NC(=O)Nc1ccc(Oc2ncnc3ccn(C)c23)cc1Cl,19
Cc1c(/C=C2\C(=O)Nc3ccc(F)cc32)[nH]c2c1C(=O)N(C[C@H](O)CN1CCOCC1)CC2,19
COc1ccc(N(C)c2nc(C)nc3oc(C)cc23)cc1,19.1
Nc1n[nH]c2cccc(C#Cc3cccc(NC(=O)Nc4ccccc4)c3)c12,20
Cc1ccc(Nc2ncnn3cc(C)c(C)c23)cc1O,20
CCN(CC)C(=O)c1c[nH]c(-c2cc(Oc3ccc(NC(=O)Nc4cc(C)ccc4F)cc3)ccn2)c1,20
Cc1cc(NC(=O)Nc2ccc(-c3nccc4[nH]nc(N)c34)cc2)ccc1F,20
Cc1cc2c(F)c(Oc3ncnn4cc(OC[C@H](C)O)c(C)c34)ccc2[nH]1,20
COc1ccc2c(c1)CCN2c1nc(C)nc2oc(C)cc12,20.9
CCSCc1ccc2c(c1)c1c3c(c4c(c1n2CCCO)Cc1ccccc1-4)C(=O)NC3,21
COc1ccc(-c2ccc(NC(=O)Nc3cccc(C)c3)cc2)c2c1C(=O)NC2,21
COc1ccc(N(C)c2nc(C)nc3c(Cc4ccccc4)c[nH]c23)cc1.Cl,21.3
COc1cc2/c(=N/c3ccc(Br)cc3F)nc[nH]c2cc1OCC1CCN(C)CC1,22
CNC(=O)/C=C/c1cnc(N)c2c(-c3ccc(NC(=O)Nc4cccc(C)c4)cc3)csc12,22
CCS(=O)(=O)c1ccc(OC)c(Nc2ncc(-c3cccc(-c4ccccn4)c3)o2)c1,22
O=C(Nc1cccc(C(F)(F)F)c1)n1ccc2cc(Oc3ncnc4c3CCNC4)ccc21,22
CCN(CC)CCNC(=O)c1c(C)[nH]c(/C=C2\C(=O)Nc3ccc(F)cc32)c1C,22.6
c1ccc(-n2cnc3cc(-c4ccc(OCCN5CCCCC5)nc4)ccc32)cc1,23
CN(C)[C@H]1CCN(C(=O)c2cc3nccc(Oc4ccc(NC(=O)N5CCN(c6ccccc6)C5=O)cc4F)c3s2)C1,23
c1cc(-c2cnc3c(-c4ccsc4)cnn3c2)ccn1,24
Cc1cccc(NC(=O)Nc2ccc(-c3ccc(OCCN4CCCC4=O)c4[nH]nc(N)c34)cc2)c1,25
Cc1c(/C=C2\C(=O)Nc3ccc(F)cc32)[nH]c2c1C(=O)N(CCN1CCOCC1)CC2,25
CNC(=O)c1cccc2cc(Oc3ccnc4cc(OCC5(N)CC5)c(OC)cc34)ccc12,25
CCc1cccc(NC(=O)Nc2ccc(-c3csc4ccnc(N)c34)cc2)c1,25
CCS(=O)(=O)c1ccc(OC)c(Nc2ncc(-c3cccc(-c4cncn4C)c3)o2)c1,25
Cn1cnc(-c2cc3nccc(Oc4ccc(NC(=S)NC(=O)Cc5ccccc5)cc4F)c3s2)c1,26
Cc1ccoc1C(=O)Nc1cccc(Oc2ccnc(-c3cc(C(=O)NCC(O)CO)c[nH]3)c2)c1,26
CCn1ccnc1-c1cc2nccc(Oc3ccc(NC(=O)N4CCN(c5ccccc5)C4=O)cc3F)c2s1,26
COc1cccc2c1c(/C=C1\C(=O)NN=C1c1cnccn1)cn2C,26
Clc1cc(Cl)cc(Nc2nccc(-n3ccnc3-c3ccccc3)n2)c1,26
Cc1cccc(NC(=O)Nc2ccc(-c3c(C)sc4ccnc(N)c34)cc2)c1,27
COc1ccc(NC(=O)Nc2ccc3c(c2)NC(=O)/C3=C\c2ccc[nH]2)cc1OC,27
Cc1ccc(F)c(NC(=O)Nc2ccc(Oc3ccnc(-c4cc(C(=O)N5CCC(S(=O)(=O)O)CC5)c[nH]4)c3)cc2)c1,27
COc1cc(CCc2cc(NC(=O)c3ccc(N4C[C@@H](C)N[C@@H](C)C4)cc3)n[nH]2)cc(OC)c1,27
COc1cc2c(Nc3ccc(Br)cc3F)ncnc2cc1OCC1CCN(C(=O)Cn2cncc2[N+](=O)[O-])CC1,27.13
O=c1cc(-c2ccn3c(-c4ccccc4)cnc3c2)ccn1CCCN1CCCCC1,28
COCCNC(=O)c1cccc2cc(Oc3ccnc4cc(OC)ccc34)ccc12,28
CN1CCN(C(=O)c2ccc3c(c2)Cc2c(-c4csc(C#CCOc5ccccc5)c4)n[nH]c2-3)CC1,29
CONC(=O)c1cc(Nc2ncnn3cc(-c4nnc(CC(F)(F)F)o4)c(C(C)C)c23)c(F)cc1F,29
CCCn1c2ccc(NC(=O)Nc3cc(C)ccc3F)cc2c2c3c(c4c(c21)CCc1nn(C)cc1-4)C(=O)NC3,29
COc1cc2c(NC3=CC(=O)C(OCc4ccccc4)=CC3=O)ncnc2cc1OCC1CCN(C)CC1,29.5
COc1cc(CCc2cc(NC(=O)c3ccc(N4C[C@@H](C)N[C@@H](C)C4)cc3)n[nH]2)cc(OC)c1,29.5
Cc1ccc(Nc2nccc(N(C)c3ccc4c(C)n(C)nc4c3)n2)cc1S(N)(=O)=O,30
Cn1cnc(C(=O)c2cc3nccc(Oc4ccc(NC(=O)CC(=O)Nc5ccccc5)cc4F)c3s2)c1,30
CNc1nccc(-c2cccnc2Oc2ccc(Nc3nc4ccccc4o3)c3ccccc23)n1,30
O=C1NCc2cccc(-c3cc4cc(OCCCO)ccc4[nH]3)c21,30
COc1cc2c(Nc3ccc(Br)cc3F)ncnc2cc1OCCn1ccnn1,30
Clc1ccc(Nc2nnc(Cc3ccncc3)c3ccccc23)cc1Cl,30
C[C@H]1Cc2c(ncnc2Oc2ccc3c(ccn3C(=O)Nc3cc(C(C)(C)C)on3)c2)CN1,30
COc1ccc(Nc2nc(C)nc3c(Cc4ccccc4)c[nH]c23)c(OC)c1.Cl,30.1
COc1ccc(NC(=O)Nc2ccc3c(c2)NC(=O)/C3=C\c2ccc[nH]2)cc1,30.6
C/C(=N\OC(C)C)c1ccc2c(c1)c1c3c(c4c(c1n2CC(C)C)CCc1nn(C)cc1-4)C(=O)NC3,31
COc1ccnc(Nc2ccc3c(c2)c2c4c(c5c(c2n3CC(C)C)CCc2nn(C)cc2-5)C(=O)NC4)n1,32
COC(=O)C1CCCN1CCCNC(=O)c1c[nH]c(-c2cc(Oc3ccc(NC(=O)Nc4cc(C)ccc4F)cc3)ccn2)c1,32
Cc1cccc(NC(=O)Nc2ccc(-c3csc4c(-c5ccccc5)cnc(N)c34)cc2)c1,33
Cc1cccc(NC(=O)Nc2ccc(-c3cnc4c(C5CC5)cnn4c3N)cc2)c1,33
COc1cc(-c2cc(NC(=O)Nc3cc(OCCCN4CCOCC4)ccc3C)cc(OC)c2OC)ccc1C(C)=O,33.3
Cc1ccc(F)c(NC(=O)Nc2ccc(-c3c(C)sc4ncnc(N)c34)cc2)c1,33.88
Cc1ccc(OCC#Cc2cc(-c3n[nH]c4c3Cc3cc(CN5CCN(C)CC5)ccc3-4)cs2)cc1C,34
Cc1ccc(Nc2nccc(N(C)c3ccc4c(C)n(C)nc4c3)n2)cc1S(N)(=O)=O,34
Cc1sc2ncnc(N)c2c1-c1ccc(NC(=O)Nc2cccc(Cl)c2)cc1,34.67
O=C(Nc1cccc(Cl)c1)Nc1cccc(-c2ccc3c(=O)[nH]cnc3c2)c1,34.68
Cc1sc2ncnc(N)c2c1-c1ccc(NC(=O)Nc2cccc(Cl)c2)cc1,35
CC(C)(C)c1cccc(NC(=O)c2nscc2NCc2ccncc2)c1,35
Cn1cc(Nc2ncc(C(F)(F)F)c(N[C@H]3[C@@H](C(N)=O)[C@@H]4C=C[C@H]3C4)n2)cn1,35
CONC(=O)c1cc(Nc2ncnn3cc(NC(=O)OC4CCN(C)CC4)c(C(C)C)c23)c(F)cc1F,36
Cc1c(/C=C2\C(=O)Nc3ccc(F)cc32)[nH]c2c1C(=O)N(CCN1CCOCC1)CCC2,36
CCN(CC)CCNC(=O)c1c(C)[nH]c(/C=C2\C(=O)Nc3ccc(F)cc32)c1C,38
Cc1cc(Nc2ncc(Br)c(N[C@H](C)[C@H](C)O)n2)ccc1S(C)(=N)=O,39
Cc1cc2c(F)c(Oc3ncnc(N)c3/C=N/OCCN3CCOCC3)ccc2[nH]1,39
Cc1cc2c(F)c(Oc3ncnn4cc(OC[C@H](C)O)c(C)c34)ccc2[nH]1,40
CC(C)(Nc1nc(NO)nc(Nc2ccc3ncsc3c2)n1)c1ccccc1,40
COc1cc2c(Nc3ccc(Cl)cc3F)ncnc2cc1OCCCCN1CCOCC1,40
COc1cccc(NC(=O)Nc2ccc(Oc3ncnc4cc(OC)c(OC)cc34)cc2)c1,40
COc1cc2c(Nc3c(F)cc(Br)cc3F)ncnc2cc1OCCn1ccnn1,40
CCN(CC)CCNC(=O)c1cc(C)c(/C=C2\C(=O)Nc3ncnc(Nc4ccc(Cl)cc4F)c32)[nH]1,40
COCCOc1cc2ncnc(NC3=CC(=O)C(OC(CF)CF)=C(OC)C3=O)c2cc1OC,41
NC(=O)[C@@H]1[C@H](Nc2nc(Nc3cnn(Cc4ccccc4)c3)ncc2Cl)[C@H]2C=C[C@@H]1C2,42
O=C(Nc1ccc(Oc2ccc3[nH]c(NC(=O)c4ccccc4)nc3c2)cc1)Nc1cc(C(F)(F)F)ccc1F,42
COC(=O)[C@@]1(O)C[C@H]2O[C@]1(C)n1c3ccccc3c3c4c(c5c6ccccc6n2c5c31)C(=O)NC4,43
Cn1cnc(NCc2ccncc2)c1-c1nnc(Nc2ccc(Cl)c(C(F)(F)F)c2)o1,43
COc1cccc(NC(=O)Nc2ccc(-c3cc4ccccc4n3C(N)=O)cc2)c1,45
Cc1cc(Nc2ncc(Br)c(N[C@H](C)C(C)(C)O)n2)ccc1S(C)(=N)=O,45
COc1ccc(NC(=O)N2CCc3nc(-c4cc5ccccc5[nH]c4=O)[nH]c3C2)cc1,46
COCCOc1cc2ncnc(NC3=CC(=O)C(OCc4cccc(F)c4)=CC3=O)c2cc1OC,46.1
CCNC(=O)Nc1ccc(Oc2ncccc2-c2ccnc(NC)n2)c2ccccc12,48
CNc1ncc2cc(-c3cc(C(=O)Nc4cccc5c4CCC5)ccc3C)ccc2n1,48
O=C1NCc2c1c1c(c3c2c2ccccc2n3CCCO)Cc2ccccc2-1,48
Cc1ccc(F)c(NC(=O)Nc2ccc(-c3ccc(OCCC(C)(C)N)c4[nH]nc(N)c34)c3ccccc23)c1,48.3
COc1cc(OC)cc(N(CC2CC2)c2ccc3ncc(-c4cnn(CC5CCNCC5)c4)nc3c2)c1,48.98
Nc1ncnc2c1N=C(c1ccc(NC(=O)Nc3cccc(C(F)(F)F)c3F)cc1)CCN2,49
CCN(Cc1ccccc1)c1nc(O)nc(Nc2ccc3ncsc3c2)n1,49
Cc1cccc(NC(=O)Nc2ccc(-c3cnc4c(-c5cccs5)cnn4c3N)cc2)c1,49
C(#Cc1cc(-c2n[nH]c3c2Cc2cc(Cn4cccn4)ccc2-3)cs1)COc1ccccc1,49
Cn1cc2c(n1)CCc1c-2c2c(c3c4cc(C5CCCCO5)ccc4n(C4CCCC4)c13)CNC2=O,50
Cn1cc2c(n1)CCc1c-2c2c(c3c4cc(C5CCCCO5)ccc4n(CCCO)c13)CNC2=O,50
CCS(=O)(=O)c1ccc(OC)c(Nc2ncc(-c3ccccc3)o2)c1,50
Cc1ccc(Nc2ncnn3cc(C(=O)NCCCN4CCOCC4)c(C)c23)cc1O,52
CNC(=O)N1CCN(Cc2ccc(-c3ccn4c(-c5ccccc5)cnc4c3)cc2)CC1,52
Cc1sc2ncnc(N)c2c1-c1ccc(NC(=O)Nc2ccc(F)cc2)cc1,52
Cc1cccc(NC(=O)Nc2ccc(-c3c(Cc4ccncc4)sc4ncnc(N)c34)cc2)c1,53
COc1cc(OC)cc(N(CCO)c2ccc3ncc(-c4cnn(CCO)c4)nc3c2)c1,53.7
COc1cc(O)c2c(c1)CCC[C@H](O)[C@H](O)C(=O)/C=C\C[C@H](C)OC2=O,57
CC(C)SCc1ccc2c(c1)c1c3c(c4c(c1n2CCCO)Cc1ccccc1-4)C(=O)NC3,57
COCCOc1cc2ncnc(NC3=CC(=O)C(N4CC(C)OC4=O)=CC3=O)c2cc1OC,59.7
CCc1cccc(NC(=O)Nc2csc(-c3cc4ccccc4n3C(N)=O)c2)c1,60
COc1cc2nccc(Oc3ccc4c(NCc5ccccc5)nn(C)c4c3)c2cc1OC,60
COc1cc2ncnc(Oc3ccc(NC(=O)Nc4ccccc4)cc3)c2cc1OC,60
Cc1[nH]c(/C=C2\C(=O)Nc3ccncc32)c(C)c1C(=O)NCCN(C)C,60
COc1ccccc1-c1ccc2c(c1)NC(=O)/C2=C\c1[nH]c2c(c1CCC(=O)O)CCCC2,60
CNS(=O)(=O)c1ccc2c(c1)/C(=C/c1[nH]c3c(c1CN1CCOCC1)CCCC3)C(=O)N2,60
Cc1ccc(NC(=O)c2cccc(C(F)(F)F)c2)cc1Nc1ncccc1-c1ccncn1,61
COC(=O)c1cn2ncnc(Nc3cccc(O)c3)c2c1C,61
COc1cc2c(Nc3ccc(-c4nc5ccccc5s4)cc3F)ncnc2cc1OCCCN1CCN(C)CC1,62
COc1cc2/c(=N/c3ccc(Br)cc3F)nc[nH]c2cc1OCC1CCN(C)CC1,62
Cc1ccc(C(=O)Nc2ccc(CN3CCN(C)CC3)c(C(F)(F)F)c2)cc1C#Cc1cncc2c1ccn2C,63.5
Nc1n[nH]c2cccc(-c3ccc(NC(=O)Nc4ccccc4)cc3)c12,64
CC(=O)Nc1ccc(-c2ccc(NC(=O)Nc3cccc(C)c3)cc2)c2c1C(=O)NC2,64
COc1cccc(Nc2nnc(-c3c(NCc4ccncc4)ncn3C)o2)c1,64
COC(=O)c1ccc2c(c1)NC(=O)/C2=C(\Nc1ccc(CN(C)C)cc1)c1ccccc1,64
CN(c1ccc(NC(=O)Nc2c(Cl)cccc2Cl)cc1)c1ccnc(Nc2cccc(CS(C)(=O)=O)c2)n1,65
COc1cc2ncnc(Nc3cc(O)cc(F)c3)c2cc1OC,66
COc1cc(OC)cc(N(CC2CC2)c2ccc3ncc(-c4cnn(CCCN)c4)nc3c2)c1,66.07
COc1cc(CCc2cc(-c3nc4ccc(N5CCN(C)CC5)cc4[nH]3)n[nH]2)cc(OC)c1,66.26
CCn1cc(NC(=O)Cc2ccc(Oc3ccnc4cc(OC)ccc34)cc2OC)cn1,67
CN(C)CC1CCCN(CCCn2ccc(-c3ccn4c(-c5ccccc5)cnc4c3)cc2=O)C1,67
Clc1cccc(Nc2cncc(-c3cncc(NCCCn4cncn4)c3)n2)c1,67.61
C[C@@H](Nc1nc(Nc2ccc(S(=N)(=O)CCO)cc2)ncc1Br)C(C)(C)O,69
Nc1ncnc2onc(-c3ccc(NC(=O)Nc4cccc(C(F)(F)F)c4)cc3)c12,70
COc1ccc(NC(=O)Nc2ccc(Oc3ncnc4cc(OC)c(OC)cc34)cc2)cc1,70
Cc1cc2c(F)c(Oc3ncnn4cc(OCCCS(C)(=O)=O)c(C)c34)ccc2[nH]1,70
Cc1[nH]c(/C=C2\C(=O)Nc3ccc(C(=O)NNc4ccccc4)cc32)c(C)c1CCC(=O)O,70
Cc1cccc(NC(=O)Nc2ccc(-c3cccc4c3CNC4=O)c(Cl)c2)c1,71
COc1ccc(-c2cnc3c(-c4ccccc4)cnn3c2)cc1,71
CONC(=O)c1cc(Nc2ncnn3cc(-c4n[nH]c(C)n4)c(C(C)C)c23)c(F)cc1F,71
COc1cc(-c2cc(NC(=O)Nc3cc(OCCN(C)C)ccc3C)cc(OC)c2OC)ccc1C(C)=O,71.4
Cc1cccc(NC(=O)Nc2ccc(-c3cnc4c(Br)cnn4c3N)cc2)c1,72
CN1CCC(COc2ccc3c(Nc4ccc(CC(=O)Nc5ccc(F)c(F)c5)cc4)ncnc3c2)CC1,73
CC(C)(C)c1ccc(Nc2nnc(-c3cccc4cnccc34)c3ccccc23)cc1,75
CC(=O)c1ccc2c(c1)c1c3c(c4c(c1n2C(C)C)CCc1nn(C)cc1-4)C(=O)NC3,75
FC(F)(F)c1ccc(Nc2nnc(-c3cccnc3CCc3ccncc3)o2)cc1,76
CCN1CCN(Cc2ccc(-c3cc4c([C@](C)(N)c5ccccc5)ncnc4[nH]3)cc2)CC1,77
FC(F)(F)c1cc(Nc2nccc(-n3ccnc3-c3ccccc3)n2)cc(C(F)(F)F)c1,77
CC(=O)N1CCN(Cc2ccc(-c3ccn4c(-c5ccccc5)cnc4c3)cc2)CC1,77
O=C(Nc1ccc(OCCN2CCOCC2)c(Cl)c1)c1cccc(-c2cccc(O)c2)c1,77.45
Cc1c(OC[C@@H](C)O)cn2ncnc(Oc3ccc4[nH]c(CO)cc4c3F)c12,78
CC(C)(C)c1cc(NC(=O)c2cnc3cc(Oc4ncnc5c4CNC5)ccn23)no1,78
CCOC(=O)c1cn2ncnc(Nc3ccc(F)c(C(=O)NOC)c3)c2c1C(C)C,79
FC(F)(Cl)Oc1ccc(Nc2nnc(-c3cccc4cnccc34)c3ccccc23)cc1,79
Cn1ncc(NCc2ccncc2)c1C(=O)Nc1ccc(C(F)(F)F)c(Cl)c1,79
Cc1cccc(Nc2nnc(Cc3ccncc3)c3ccccc23)c1,80
Nc1noc2cccc(-c3ccc(NC(=O)Nc4cc(F)cc(F)c4)cc3)c12,81
O=C(Nc1ncc(-c2ccccc2)s1)c1ccccc1,81
Cn1cnc(NCc2ccncc2)c1-c1nnc(Nc2ccc(C(F)(F)F)cc2)o1,82
Cc1cccc(NC(=O)Nc2ccc(-c3csc4ncnc(N)c34)cc2Cl)c1,83
CCOC(C)c1ccc2c(c1)c1c3c(c4c(c1n2CCCO)Cc1ccccc1-4)C(=O)NC3,83
COC(=O)c1ccc2c(c1)NC(=O)/C2=C(\Nc1ccc(NC(=O)CN2CCN(C)CC2)cc1)c1ccccc1,83
COCCNC(=O)c1sc2ncnc(Oc3ccc(NC(=O)C4(C(=O)Nc5ccc(F)cc5)CC4)cc3F)c2c1C,83
COCCOc1cc2ncnc(NC3=CC(=O)C(N4CCN(Cc5ccccc5)CC4)=CC3=O)c2cc1OC,84.8
Cc1ccc(NC(=O)c2c(NCc3ccncc3)ncn2C)cc1C(F)(F)F,89
N#Cc1cnc(Nc2ccc(CCO)cc2)nc1-c1ccc2[nH]ccc2c1,90
CCCc1c(C(=O)NCCCN2CCCC2)cn2ncnc(Nc3ccc(C)c(O)c3)c12,90
O=C(Nc1cccc(C(F)(F)F)c1)c1ccccc1NCc1ccncc1,90
CNC(=O)c1cc(Oc2ccc(NC(=O)Nc3ccc(Cl)c(C(F)(F)F)c3)cc2)ccn1,90
CCS(=O)(=O)c1ccc(OC)c(Nc2ncc(-c3cccc(C(C)=O)c3)o2)c1,91
COCCOc1ccc2c(c1)Cc1c(-c3csc(C#CCOc4ccccc4)c3)n[nH]c1-2,92
COc1cc2nccc(CN3CCc4c(cccc4C(=O)NC4CC4)C3)c2cc1OC,92
COc1ccc(Nc2nnc(-c3c(NCc4ccncc4)ncn3C)o2)cc1OC,93
O=C(Nc1ccncc1)Nc1cc(-c2cccnc2)cc(C(F)(F)F)c1,93.02
COc1cc2/c(=N/c3ccc(Br)cc3F)nc[nH]c2cc1OCC1CCN(C)CC1,94
Cc1sc2ncnc(N)c2c1-c1ccc(NC(=O)Nc2ccc(Cl)cc2)cc1,96
COCCN(C)CCCn1ccc(-c2ccn3c(-c4ccccc4)cnc3c2)cc1=O,96
COc1cc(Nc2ncc(Br)c(N[C@H](C)[C@H](C)O)n2)ccc1S(C)(=N)=O,97
CN1CCC(COc2ccc3c(Nc4ccc(NC(=O)NC5CC5)cc4)ncnc3c2)CC1,98
c1ccc(-c2ccn3c(-c4cncs4)cnc3c2)cc1,99
NC(=O)c1ccc(-c2nnc(Nc3ccc(Br)cc3)c3ccccc23)cc1,100
Cn1cc(/C=C2\C(=O)NN=C2c2cnccn2)c2ccccc21,100
O=c1[nH]cnc2[nH]c(-c3ccnc(/C=C/c4ccc(CN5CCOCC5)cc4)c3)cc12,100
Cc1cccc(NC(=O)Nc2ccc(-c3csc4ncnc(N)c34)c(Cl)c2)c1,100
COc1cc2nccc(Oc3ccc4oc(Nc5ccc(Cl)c(CN6CCN(C)CC6)c5)nc4c3)c2cc1OC,101
O=C1NCc2c1c1c(c3c2c2cc(Br)ccc2n3CCCO)Cc2ccccc2-1,104
O=C1NCc2c1c1c(c3c2c2ccccc2n3CCO)Cc2ccccc2-1,107
Cc1cn2c(-c3cnn(CC(=O)Nc4ccncc4)c3)cnc2c(Nc2cc(CN3CCCC(C)C3)ns2)n1,108
COc1cccc(Nc2nccc(N(C)c3ccc4cn(C)nc4c3)n2)c1,108
CCOC(=O)c1ccc2c(c1)NC(=O)/C2=C(\Nc1ccc(CN2CCCCC2)cc1)c1ccccc1,109
Clc1ccc(Nc2nnc(-c3cccc4cnccc34)c3ccccc23)cc1Cl,110
O=C1NCc2c1c1c(c3[nH]c4ccccc4c23)Cc2ccccc2-1,110
Nc1ncnc2c1N=C(c1ccc(NC(=O)Nc3ccc(C(F)(F)F)cc3)cc1)CCN2,110
CS(=O)(=O)N1CCN(Cc2ccc(-c3ccn4c(-c5ccccc5)cnc4c3)cc2)CC1,110
O=C(NC1CCCC1)c1ccc(F)c(NCc2cnc(Nc3ccccn3)s2)c1,110
CC(Sc1nc(Nc2ccc(S(C)(=N)=O)cc2)ncc1Br)C(C)(C)O,110
N#Cc1cnc(Nc2ccc(CCN3CCCC3)cc2)nc1-c1ccccc1,110
Cn1cnc(NCc2ccncc2)c1C(=O)Nc1ccc(OC(F)(F)F)cc1,110
COCCOc1cc2ncnc(NC3=CC(=O)C(OCc4cccnc4)=CC3=O)c2cc1OC,110.5
Cc1ccc2nc(Cl)c(/C=C/C(=O)c3ccc(Br)s3)cc2c1,112.52
Clc1ccc(-c2cnc3c(-c4ccncc4)cnn3c2)cc1,113
COc1ccc(-c2ccc3c(c2)ncn3-c2ccccc2)cc1,113
CCCCO/N=C/c1c(N)ncnc1Oc1ccc2[nH]c(C)cc2c1F,115
COC(=O)CC1CCN(C(=O)c2c[nH]c(-c3cc(Oc4ccc(NC(=O)Nc5cc(C)ccc5F)cc4)ccn3)c2)CC1,116
CNc1ncnc(-c2cccnc2Oc2cc(NC(=O)c3cccc(C(C)C)c3)ccc2C)n1,117
O=C1NCc2cccc(-c3cc4cc(O)ccc4[nH]3)c21,119
O=C(Nc1ccc(Cl)c(Cl)c1)c1ccnn1CCc1ccncc1,120
Nc1nccc(Oc2ccc(NC(=O)Nc3nc4ccccc4s3)cc2)n1,120
CC(C)c1ccc(NC(=O)c2scnc2CCc2ccncc2)cc1,120
FC(F)(F)c1cc(Nc2nnc(-c3cccc4cnccc34)c3ccccc23)ccc1Cl,120
Cc1nc2cc(-n3ncc(C(=O)c4cc5ccc(CN6CCOCC6)cc5[nH]4)c3N)ccc2[nH]1,120
CCc1cc(O)c(F)cc1-c1cc(N[C@H]2C[C@H]3CC[C@@H](C2)N3)c2nc(N)ncc2c1,125.89
COCCOc1ccc(-c2ccc(NC(=O)Nc3cccc(C)c3)cc2)c2c1C(=O)NC2,126
c1ccc2c(-c3cncc(-c4ccsc4)c3)c[nH]c2c1,126
CNC(=O)c1ccc(-c2nnc(Nc3ccc(C(C)(C)C)cc3)c3ccccc23)cc1,130
CCOc1ccc(Nc2ncc3c(n2)-c2ccccc2NC(=O)C3)cc1,130
Cn1cnc(NCc2ccncc2)c1-c1nnc(Nc2ccc(OC(F)(F)Cl)cc2)o1,130
Cn1cnc(NCc2ccncc2)c1-c1nnc(Nc2cccc(OC(F)(F)F)c2)o1,130
Cc1cccc(NC(=O)Nc2ccc(-c3c(C(C)C)sc4ncnc(N)c34)cc2)c1,130
CCN1CCN(C2=CC(=O)C(Nc3ncnc4cc(OCCOC)c(OC)cc34)=CC2=O)CC1,133
Cc1csc(C(=O)/C=C/c2cc3ccc(C)cc3nc2Cl)c1,139.36
COc1cc(Nc2nnc(Cc3ccncc3)c3ccccc23)ccc1Cl,140
O=C1Nc2ccccc2/C1=C/c1ccc[nH]1,140
CCS(=O)(=O)c1ccc(OC)c(Nc2ncc(-c3cccc(C#N)c3)o2)c1,141
CCCn1c(C)c(C(=O)Nc2ccc(Oc3ccnc4cc(OC)ccc34)c(F)c2)c(=O)n1-c1ccccc1,143
O=C1NCc2cccc(-c3cc4ccccc4[nH]3)c21,144
C(#Cc1cc(-c2n[nH]c3c2Cc2cc(Cn4ccnn4)ccc2-3)cs1)COc1ccccc1,148
Cc1ccc2cc(/C=C/C(=O)c3ccc(I)s3)c(Cl)nc2c1,148.31
COc1ccc(-c2nc(Nc3ccc(CCO)cc3)ncc2C#N)cc1,150
CC(O)C(C)Sc1nc(Nc2ccc(S(C)(=N)=O)cc2)ncc1Br,150
NC(=O)n1c(-c2ccc(NC(=O)Nc3ccccc3)cc2)cc2ccccc21,150
CSc1nnc(-c2cn3ncnc(Nc4cnc5[nH]c(C)cc5c4)c3c2C(C)C)o1,150
c1ccc(-c2nnc(Nc3ccc4c(c3)OCCO4)[nH]2)c(NCc2ccc3ncccc3c2)c1,150
CC(C)n1nc(-c2ccc3c(ccn3C(=O)OC(C)(C)C)c2)c2c(N)ncnc21,153
Nc1n[nH]c2cccc(-c3ccc(NC(=O)NC4CCCC4)cc3)c12,153
Cc1ccc2nc(Cl)c(/C=C/C(=O)c3ccc(I)s3)cc2c1,154.27
Cc1ccc2cc(/C=C/C(=O)c3sccc3C)c(Cl)nc2c1,157.21
O=C1Nc2ccccc2S/C1=C\c1c[nH]c2cc(OCCN3CCOCC3)ccc12,160
Cc1ccc2[nH]cc(C(=O)c3ccccc3NCc3ccc4ncccc4c3)c2c1,160
COc1cc2nccc(CN3CCc4c(cccc4C(=O)Nc4ccc(Cl)cc4)C3)c2cc1OC,165
NC(=O)Cn1cc(Nc2ncc(Cl)c(N[C@H]3[C@@H](C(N)=O)[C@@H]4C=C[C@H]3C4)n2)cn1,167
Clc1ccc(Nc2nccc(Nc3ccc4[nH]ncc4c3)n2)cc1,168
O=C1Nc2ccccc2S/C1=C\c1c[nH]c2c(C(=O)N3CCC(N4CCCCC4)CC3)cccc12,170
COc1cc(Nc2ncc(-c3ccccc3)o2)cc(OC)c1,170
Cn1ccc2cc(-c3nn(C4CCCC4)c4ncnc(N)c34)ccc21,172
Nc1ncnc2c1c(-c1ccc(Cl)c(O)c1)nn2[C@@H]1CCNC1,174
COc1cc(OC)cc(-c2cc3cnc(NCCCCOc4ccccc4)cc3nc2NC(=O)NC(C)(C)C)c1,180
CN1CCN(c2ccc(C(=O)Nc3cc(-c4ccc(NC(=O)Oc5ccccc5)cc4)n[nH]3)cc2)CC1,180
Cc1noc(NCc2ccncc2)c1C(=O)Nc1ccc(C(F)(F)F)cc1,180
Cc1ccc(-n2cc(-c3ccccc3NCc3ccncc3)nn2)cc1C(F)(F)F,180
Cn1ncc(NCc2ccncc2)c1C(=O)Nc1ccc(C(C)(C)C)cc1,180
Cc1cc2c(cc1N1CCC(N3CCOCC3)CC1)C(C)(C)c1[nH]c3cc(C#N)ccc3c1C2=O,186
CC(=O)c1ccc2c(c1)c1c3c(c4c(c1n2CCCO)Cc1ccccc1-4)C(=O)NC3,187
COCCOc1cc2ncnc(Nc3cccc(B(O)O)c3)c2cc1OCCOC,190
COc1cc(O)c2c(c1)CCC[C@H](O)CC(=O)/C=C/C[C@H](C)OC2=O,190
CCNC(=O)Nc1nc2nc(NCCCCN(CC)CC)ncc2cc1-c1cc(OC)cc(OC)c1,190
Cc1cc(NC(=O)Nc2ccc(F)c(C(F)(F)F)c2)cc(Oc2cc(NC(=O)C3CC3)ncn2)c1,192
COCCOc1cc2ncnc(NC3=CC(=O)C(OCc4cccnc4)=CC3=O)c2cc1OC,193
Clc1cnc(Nc2ccccn2)s1,194
C[C@@H](O)CNc1cc(Oc2ccc(NC(=O)Nc3cccc(C(F)(F)F)c3)cc2)ncn1,200
O=C(c1ccncc1)N1CCc2nc(-c3cc4ccccc4[nH]c3=O)[nH]c2C1,200
Nc1ncnc2c3c(n(-c4ccc(NC(=O)Cc5ccc(OC(F)(F)F)cc5)cc4)c12)CCC3,200
Nc1ncnc2c3c(n(-c4ccc(NC(=O)Cc5ccc(F)cc5)cc4)c12)CCC3,200
Nc1ncnc2c3c(n(-c4ccc(NC(=O)Cc5cc(C(F)(F)F)ccn5)cc4)c12)CCC3,200
Cc1ccc(F)c(CC(=O)Nc2ccc(-n3c4c(c5ncnc(N)c53)CCC4)cc2)c1,200
Nc1ncnc2c3c(n(-c4ccc(CC(=O)N5CCOc6ccccc65)cc4)c12)CCC3,200
N#Cc1cnc(Nc2ccc(CCO)cc2)nc1-c1ccccc1,200
Cc1cc(C)c(/C=C2\C(=O)Nc3ccccc32)[nH]1,200
COCCOc1ccn2c(-c3ccc4cccc(O[C@H]5CC[C@H](N)CC5)c4n3)cnc2c1,203
N#Cc1ccc(NC(=O)Nc2cccc(Sc3ccnc4ccsc34)c2)cc1,206
Cc1ccc(NC(=O)c2ccccc2Cn2ccc3ncnc-3c2)c(F)c1,210
Cc1cccc(NC(=O)Nc2ccc(-c3c(CCC(=O)N(C)C)sc4ncnc(N)c34)cc2)c1,210
COc1ccc2c(c1)/C(=C/c1cc3c([nH]1)CCN(C(C)=O)C3)C(=O)N2,210
Cc1nc2ccc(-n3ncc(C(=O)c4cc5cc(CN6CCOCC6)ccc5[nH]4)c3N)cc2[nH]1,210
CNc1ncnc(-c2cccnc2Oc2cc(NC(=O)c3cccc(OC(F)(F)C(F)F)c3)ccc2C)n1,1002
CCOc1cc2ncnc(NC3=CC(=O)C(OCc4ccccn4)=CC3=O)c2cc1NC(=O)/C=C/CN(C)C,1009
OCCCNc1cncc(-c2cncc(Nc3ccccc3Cl)n2)c1,1010
COc1ccc(-c2ccc(Cn3cc(CCN)c4cc(OCCc5ccc(O)cc5)ccc43)cc2)cc1.Cl,1010
CN[C@H]1CCCN(c2ccc(C(F)(F)F)cc2NC(=O)c2cc(C#Cc3cnc(N)nc3)ccc2F)C1,1010
Nc1cccnc1-c1ccn2c(-c3cccc(NC(=O)NCC(F)(F)F)c3)cnc2c1,1010
Cc1cccc(Cl)c1Nc1nc2ccccc2n1-c1cc(Nc2ccc(CCN3CCOCC3)cn2)ncn1,1012
Cc1cccc(NC(=O)c2ccc(C)c(Nc3nc4ccccc4n3-c3cc(N)ncn3)c2)c1,1015
CN1CCN(c2ccc(-c3cnn4c(N)c(-c5ccc(NC(=O)CCC6CCCC6)cc5)cnc34)cc2)CC1,1015
COc1ccc(-c2cc3c(NC(=O)C4CCCC4)ncnc3o2)cc1,1020
COc1cc(Br)cc(-c2nn(C(C)C)c3ncnc(N)c23)c1,1020
CC(C)n1nc(-c2cc(C=O)co2)c2c(N)ncnc21,1020
O=C(Nc1ccc(Br)cc1)c1scnc1CCc1ccncc1,1020
CNc1nccc(Oc2ccc3[nH]c(Nc4ccc(Cl)c(CN5CCN(C)CC5)c4)nc3c2)n1,1028
O=[N+]([O-])c1ccc(S(=O)(=O)Nc2cccc(CNc3ncnc4c3cnn4CCc3ccccc3)c2)cc1,1030
CN(C)[C@H]1CCCN(c2ccc(C(F)(F)F)cc2NC(=O)c2cc(C#Cc3cnc(N)nc3)ccc2F)C1,1030
CCN(CC)CCOc1ccc(-n2c3c(c4ccc(OC)cc4c2=O)C(=O)c2cc(OC)ccc2-3)cc1,1030
C=CC(=O)Nc1ccc(CCn2c(=O)c(-c3ccccc3Cl)cc3cnc(NCCCCN(CC)CC)nc32)cc1,1035
CO/N=C/c1c(N)ncnc1Oc1ccc2[nH]cc(C)c2c1,1038
Cl.NC1CCc2c(c3cc(OCCc4ccc(O)cc4)ccc3n2CCCCCc2ccccc2)C1,1040
O=C(Nc1ccc(Br)cc1)c1nscc1NCc1ccncc1,1040
OCCCNc1cncc(-c2cncc(NCc3ccccc3)n2)c1,1047.13
COc1cc(OC)cc(N(CCCN2CCC[C@H]2CO)c2ccc3ncc(-c4cnn(C)c4)nc3c2)c1,1047.13
COc1cc(OC)cc(N(CCNCC(N)=O)c2ccc3ncc(-c4cnn(C)c4)nc3c2)c1,1047.13
CN1CCN(CC(=O)N2CCc3nc(-c4cc5c(F)cccc5[nH]c4=O)[nH]c3C2)CC1,1050
O=C(Nc1ccc(OC(F)(F)F)cc1)c1nccn1CCc1ccncc1,1050
Cc1cc(-c2nn(C(C)C)c3ncnc(N)c23)sc1C=O,1050
OCCCNc1cncc(-c2cncc(NCc3ccccc3)n2)c1,1050
CN1CCN(Cc2ccc3c(c2)Cc2c(-c4cccs4)n[nH]c2-3)CC1,1050
Cn1cnc(NCc2ccncc2)c1-c1nnc(Nc2ccc(C(C)(C)C)cc2)o1,1050
O=C(Nc1cccc(-n2ccc3c(NC(=O)c4ccccc4)nccc32)c1)c1ccc(N2CCOCC2)c(C(F)(F)F)c1,1058
Cl.NC1CCc2c(c3cc(OCCc4ccc(O)cc4)ccc3n2CCCCCc2ccccc2)C1,1060
COc1ccc(-c2n[nH]c3ncnc(N)c23)cc1O,1060
Cn1ncc(NCc2ccncc2)c1C(=O)Nc1cccc(C(F)(F)F)c1,1060
Cn1cnc(NCc2ccncc2)c1C(=O)Nc1cc(C(F)(F)F)cc(C(F)(F)F)c1,1060
Nc1nc(Nc2cccc(Cl)c2)nc(-c2ccnc(NCCCO)c2)n1,1067
c1ccc2c(-c3cnc4[nH]nc(-c5nc6cc(N7CCOCC7)ccc6[nH]5)c4c3)cncc2c1,1070
COc1cc(OC)cc(N(CCCNC(=O)C(C)(O)C(F)(F)F)c2ccc3ncc(-c4cnn(C)c4)nc3c2)c1.Cl,1071.52
COc1cccnc1C#CCN(c1ccc2ncc(-c3cnn(C)c3)nc2c1)c1c(F)c(OC)cc(OC)c1F,1071.52
COc1cc(OC)cc(N(CCCN2CCC[C@H]2CC#N)c2ccc3ncc(-c4cnn(C)c4)nc3c2)c1.Cl,1071.52
COc1cc(OC)cc(N(CCCNC(=O)C(C)(O)C(F)(F)F)c2ccc3ncc(-c4cnn(C)c4)nc3c2)c1,1071.52
Nc1ncnc2c1c(-c1ccc(Oc3ccccc3)cc1)c(CO)n2C1CCCC1,1080
Cc1csc(-c2nc(CNC(=O)OCC(C)C)[nH]c2-c2ccc3ncsc3c2)n1,1080
O=C(Nc1ccc(-c2ccccc2)cc1)c1scnc1CCc1ccncc1,1080
O=C(Nc1ccc(Oc2ncnc3cc(OCCN4CCOCC4)c4c(c23)OCCO4)cc1)Nc1cc(C(F)(F)F)ccc1F,1081
CCN1CCN(C(=S)SCC(=O)Nc2cccc(NC(=O)c3ccccn3)c2)CC1,1084
COc1ccc(NC(=O)Nc2cccc(CNc3ncnc4c3cnn4CCc3ccccc3)c2)cc1,1090
Cl.NC1CCc2c(c3cc(OCCc4ccc(O)cc4)ccc3n2CCCCCc2ccccc2)C1,1090
O=C(Nc1ccc([N+](=O)[O-])cc1)Nc1cccc(CNc2ncnc3c2cnn3CCc2ccccc2)c1,1090
CNC[C@H](O)CN(c1cc(OC)cc(OC)c1)c1ccc2ncc(-c3cnn(C)c3)nc2c1,1096.48
CNCCOc1cc(OC)cc(N(CC2CC2)c2ccc3ncc(-c4cnn(C)c4)nc3c2)c1,1096.48
[2H]C([2H])([2H])Oc1cc(OC)cc(N(CCNC(C)C)c2ccc3ncc(-c4cnn(C)c4)nc3c2)c1,1096.48
COc1cc(OC)cc(N(CC(C)C)c2ccc3ncc(-c4cnn(C)c4)nc3c2)c1,1096.48
Cc1cccc(N/C(=N/c2ccc(-c3c(C)sc4ncnc(N)c34)cc2)NC#N)c1,1096.48
COc1cc(OC)cc(N(CC(O)CN2CCCCC2)c2ccc3ncc(-c4cnn(C)c4)nc3c2)c1,1096.48
Cc1cccc(NC(=O)N(C)c2ccc(-c3cccc4c3CNC4=O)cc2)c1,1100
FC(F)(F)c1cccc(-c2nnc(-c3cccnc3NCc3ccncc3)[nH]2)c1,1100
COc1ccc2[nH]c(-c3cccc4c3C(=O)NC4)cc2c1,1100
CCOC(=O)c1ccc(-c2cn(-c3ccccc3)c3ncnc(N)c23)cc1,1100
Cn1nc(-c2ccc3ccccc3c2)c2c(N)ncnc21,1100
c1ccc(-c2cnc3c(Nc4ccc(N5CCCCC5)cc4)nccc3n2)cc1,1100
O=C1NCc2cccc(-c3ccc[nH]3)c21,1100
N#Cc1ccc(C(=O)CSc2nccc(Nc3ccc(N4CCOCC4)cc3)n2)cc1,1100
CS(=O)(=O)CCNCc1ccc(-c2cc3nccc(Oc4ccc(NC(=O)c5cnn(-c6ccccc6)c5C(F)(F)F)cc4F)c3s2)cc1,1100
COCCOc1cc2nncc(Nc3ccc(Cl)cc3F)c2cc1OC,1100
CNS(=O)(=O)c1ccc2c(c1)/C(=C/c1[nH]c3c(c1CCCN(C)C)CCCC3)C(=O)N2,1100
O=C(c1ccccc1NCc1ccc2cn[nH]c2c1)c1c[nH]c2ccc(Cl)cc12,1100
Cc1cccc(N/C(=N/c2ccc(-c3c(C)sc4ncnc(N)c34)cc2)NC#N)c1,1100
COc1ccc2[nH]c(=O)c(-c3nc4c([nH]3)CN(C(=O)CN3CCN(C)CC3)CC4)cc2c1,1100
O=C(CN1CCOCC1)N1CCc2nc(-c3cc4c(F)cccc4[nH]c3=O)[nH]c2C1,1100
CN1CCN(c2ccc(C(F)(F)F)cc2NC(=O)c2cc(C#Cc3cnc(N)nc3)ccc2F)CC1,1100
O=C(NCCO)c1ccc(-c2nnc(Nc3ccc(OC(F)(F)Cl)cc3)c3ccccc23)cc1,1100
Cc1ccc2cc(-c3nn(C(C)C)c4ncnc(N)c34)ccc2n1,1100
COc1cc2ncnc(Nc3c(F)ccc(O)c3Cl)c2cc1OC,1100
CNC(=O)c1cc(Oc2ccc(C(=O)/C=C/c3ccccc3)cc2)ccn1,1100
COc1ncc(F)cc1CNc1ccc(Cc2c[nH]c3ncc(C)cc23)c(F)n1,1100
COc1cc2c(Nc3ccc(F)c(F)c3)ncnc2cc1OCCOCCNC(=O)Cn1cnc([N+](=O)[O-])n1,1104.22
Cn1cnc(NCc2ccncc2)c1C(=O)Nc1cccc(OC(F)(F)F)c1,1110
COc1cccc(Nc2ncnc3cc(OCCCN4CCOCC4)c(OC)cc23)c1,1110
FC(F)(F)c1cccc(Nc2nnc(-c3ccncc3CCc3ccncc3)o2)c1,1110
Nc1cnc(-c2ccn3c(-c4cccc(NC(=O)NCC(F)(F)F)c4)cnc3c2)nc1Cl,1110
CCCNc1nn(C)c2cc(Oc3ccnc4cc(OC)c(OC)cc34)ccc12,1110
Cc1noc(NCc2ccncc2)c1C(=O)Nc1ccc(C(F)(F)F)c(Cl)c1,1110
O=C(Nc1ccc(Cl)c(Cl)c1)c1nscc1NCc1ccncc1,1110
Cc1cccc(NC(=O)c2ccc(C)c(Nc3nc4ccccc4n3-c3cc(NCCCN4CCN(C)CC4)ncn3)c2)c1,1113
C=CC(=O)Nc1cc2c(Nc3ccc(Br)cc3F)ncnc2cc1OCCNC(=O)C(COC)N(C)C,1117
Cc1nn(-c2ccnc(Nc3ccc4c(c3)c(Cl)nn4C)n2)cc1CN1CC(O)C1,1117
Cn1cnc(NCc2ccncc2)c1C(=O)NCc1ccc2c(c1)OCO2,1120
Nc1ncnc2oc(-c3cccnc3)c(-c3ccc(NS(=O)(=O)c4ccccc4)cc3)c12,1120
COc1ccc(-c2oc3ncnc(N)c3c2-c2ccc(OC)cc2)cc1,1120
Cc1ccc(F)c(C(=O)Nc2cccc(C#Cc3ccc4nc(N)cn4n3)c2)c1,1121
COc1cc(OC)cc(N(CCCN2CCCCC2C)c2ccc3ncc(-c4cnn(C)c4)nc3c2)c1.Cl,1122.02
COc1cc(OC)cc(N(CCCN2CCC[C@@H]2CC#N)c2ccc3ncc(-c4cnn(C)c4)nc3c2)c1.Cl,1122.02
COc1ccc(-c2oc3ncnc(N)c3c2-c2ccc(OC)cc2)cc1,1122.02
COc1cc(OC)cc(N(c2ccc3ncc(-c4cnn(C)c4)nc3c2)C(C)CNC(C)C)c1,1122.02
COc1cc(OC)cc(N(CCCN2CCCC2=O)c2ccc3ncc(-c4cnn(C(C)C)c4)nc3c2)c1,1122.02
COc1cc(Cl)cc(N(CCCN2CCCC2)c2ccc3ncc(-c4cnn(C)c4)nc3c2)c1.Cl,1122.02
COc1cc(OC)cc(N(CCC2CCNCC2)c2ccc3ncc(-c4cnn(C)c4)nc3c2)c1,1122.02
COc1ccccc1C(=O)Nc1ccc(C)c(C(=O)Nc2cnc(Nc3ccc(N4CCN(C)CC4)cc3)nc2)c1,1123
CNc1ncnc(-c2cccnc2Oc2cc(NC(=O)c3cccc(-n4cccc4)c3)ccc2C)n1,1126
COc1ccc(NC(=O)Nc2nc(Sc3c[nH]c4ccccc34)cc(N3CCCCC3)n2)cc1,1130
O=C1Nc2ccccc2/C1=C/c1ccc(-c2cccs2)s1,1130
O=C(Cc1ccccc1)NC(=S)Nc1ccc(Oc2ccnc3ccsc23)c(F)c1,1134
Cn1ncc(NCc2ccncc2)c1C(=O)Nc1cnc2ccccc2c1,1140
COCCOc1cc2ncnc(NC3=CC(=O)C(N(C)C)=CC3=O)c2cc1OC,1144.1
Cc1ccc(C(=O)NC2CC2)cc1-c1ccc2c(OC(C)C)nncc2c1,1145
COc1cc(OC)cc(N(CCCn2ccnc2C)c2ccc3ncc(-c4cnn(C)c4)nc3c2)c1,1148.15
COc1cc(OC)cc(N(CCCN2CCOC2=O)c2ccc3ncc(-c4cnn(C)c4)nc3c2)c1,1148.15
Nc1cncc(-c2cncc(Nc3cccc(Cl)c3)n2)c1,1148.15
COc1cc(OCCO)cc(N(CCCN2CCCC2)c2ccc3ncc(-c4cnn(C)c4)nc3c2)c1,1148.15
CNC(=O)c1cc(OC)cc(N(CC2CC2)c2ccc3ncc(-c4cnn(CCOC)c4)nc3c2)c1,1148.15
CC(C)c1ccc(Nc2nnc(-c3c(NCc4ccncc4)ncn3C)o2)cc1,1150
COc1ccc(-c2nn(C3CNC3)c3ncnc(N)c23)cc1O,1150
CC(C)(C)c1ccc(NC(=O)c2nscc2NCc2ccncc2)cc1,1150
Nc1ncnc2c1c(-c1ccc(F)c(O)c1)nn2C1CNC1,1150
O=C(Nc1ccc(Nc2ncnc3sccc23)cc1)Nc1cccc(Br)c1,1160
O=C(Nc1ccccc1)Nc1ccc(Sc2ccnc3ccsc23)cc1,1160
Cl.NCCc1cn(Cc2ccc(-c3ccccc3)cc2)c2ccc(OCCc3ccc(O)cc3)cc12,1170
Cc1cccc(C(=O)Nc2cccc(-c3cc4ccccc4n3C(N)=O)c2)c1,1174
COc1cc(OC)cc(N(CCN2CC3(COC3)C2)c2ccc3ncc(-c4cnn(C)c4)nc3c2)c1,1174.9
COc1cc(OC)cc(N(CC(F)CN)c2ccc3ncc(-c4cnn(C)c4)nc3c2)c1,1174.9
CN1CCC(Oc2ccc(NC(=O)c3cccc(N4CCc5nc(N)ncc5C4)c3)cc2)CC1,1180
COc1ccc(Cl)c(Nc2ncnc3cc(OCCCN4CCOCC4)c(OC)cc23)c1,1180
Nc1ncnn2ccc(C(=O)Nc3ccc(NC(=O)Nc4cccc(F)c4)cc3)c12,1180
Nc1nc(Cl)cc(Oc2ccc3c(C(=O)Nc4cccc(C(F)(F)F)c4)cccc3c2)n1,1180
CO/N=C/c1c(N)ncnc1Oc1ccc2c(ccn2C)c1,1189
c1ccc(-c2cn(-c3ccc4ccccc4n3)nn2)c(NCc2ccncc2)c1,1190
Cc1nc2ccccc2n(CC(=O)Nc2ccc(C(=O)NNC(=O)c3ccccc3O)cc2)c1=O,1190
CN1CCN([C@H]2CC[C@@H](n3cc(-c4ccc(Oc5ccccc5)cc4)c4c(N)ncnc43)CC2)CC1,1190
COc1ccc2c(c1)NC(=O)/C2=C\c1[nH]cc(CCC(=O)O)c1C,1200
O=C1Nc2cccc(CCO)c2/C1=C/c1[nH]cc2c1CCOC2=O,1200
NC(=O)c1ccc(-c2nnc(Nc3cccc(Br)c3)c3ccccc23)cc1,1200
CCc1ccc(-c2cc(C(=O)Nc3ccc(Oc4ccnc(C(=O)NC)c4)c(F)c3)ncn2)cc1,1200
c1ccc(-c2n[nH]c3c2Cc2ccccc2-3)cc1,1200
O=C(NCCc1ccc(O)c(Br)c1)/C(Cc1cc(Br)c(O)c(-c2cc(C/C(=N/O)C(=O)NCCc3ccc(O)c(Br)c3)cc(Br)c2O)c1)=N\O,1200
CCN(CC)CCCCNc1cc2nc(N)c(-c3c(Cl)cccc3Cl)cc2cn1,1200
CCOC(=O)c1cn2ncnc(Nc3cc(C(=O)NOCC(C)C)c(F)cc3F)c2c1C(C)C,1200
O=C(CC1(N2CCOCC2)CCCCC1)Nc1ccc2[nH]nc(-c3ccc(N4CCOCC4)cc3)c2c1,1200
CC(C)n1nc(-c2ccc(C=O)c(F)c2)c2c(N)ncnc21,1200
Cc1cc(O)ccc1Nc1ncc2c(n1)-c1ccccc1NC(=O)C2,1200
O=C(NCC(F)(F)F)Nc1cccc(-c2cnc3cc(-c4ncc(F)c(NC5CC5)n4)ccn23)c1,1200
COc1cc(OC)cc(N(CCCNC(C)(C)CF)c2ccc3ncc(-c4cnn(C)c4)nc3c2)c1,1202.26
COc1cc(OC)cc(N(CCN(C)C)c2ccc3ncc(-c4cnn(C)c4)nc3c2)c1,1202.26
CC(C)Oc1cccc(N(CC2CC2)c2ccc3ncc(-c4cnn(C)c4)nc3c2)c1,1202.26
COc1cc(C#Cc2nn([C@H]3CCN(C(=O)/C=C/CN(C)C)C3)c3ncnc(N)c23)cc(OC)c1,1206
CCc1cccc(NC(=O)Nc2ccc(-c3ccnc4[nH]nc(C)c34)cc2)c1,1208
COc1cc(C2=C(c3cn(CCN4CCCCC4)c4ccccc34)C(=O)NC2=O)cc(OC)c1OC,1209
NC(=O)n1c(-c2cc(NC(=O)Nc3cccc(C(F)(F)F)c3)cs2)cc2ccccc21,1209
CNC(=O)c1cc(Oc2ccc(NC(=O)Nc3ccc(Cl)c(C(F)(F)F)c3)cc2)ccn1,1210
NC(=O)c1c(-c2cccc(NO)c2)nsc1N,1210
O=C(Nc1ccccc1)Nc1nc(Sc2c[nH]c3ccccc23)cc(N2CCOCC2)n1,1210
Nc1ncnc2c1c(-c1ccc3occc3c1)nn2C1CCCC1,1220
Cc1cccc(NC(=O)Nc2ccc(-c3ccnc4[nH]nc(C)c34)cc2)c1,1225
CNC(=O)c1cc(OC)cc(N(CCNC(C)C)c2ccc3ncc(-c4cnn(C)c4)nc3c2)c1,1230.27
COc1ccc(NC(=O)Nc2ccc(C(=O)N/N=C3\C(=O)Nc4ccc(Br)cc43)cc2)cc1,1240
Nc1cn2nc(C#Cc3ccc(NC(=O)c4ccccc4)cc3)ccc2n1,1248
CCN(CC)C(=O)c1cccc(N2CCc3nc(N)ncc3C2)c1,1250
Cc1ccc(NC(=O)c2c(NCc3ccncc3)ncn2C)c(F)c1,1250
Cc1noc(NCc2ccncc2)c1C(=O)Nc1ccc(Cl)c(Cl)c1,1250
O=C(Nc1ccc(Cl)c(Cl)c1)c1scnc1CCc1cnoc1,1250
Cc1cc(Nc2ccnc(NCc3cc(C(N)=O)no3)n2)n[nH]1,1258.93
CCc1c[nH]nc1NC(=O)Cc1ccc(Oc2ccnc3cc(OC)ccc23)cc1OC,1277
N#Cc1ccc(-n2nc(-c3ccncc3)c(-c3ccc(F)cc3)c2N)cc1,1300
O=C(Nc1ccc(C(F)(F)F)c(Cl)c1)c1nccn1CCc1ccncc1,1310
Cc1cc(C(=O)Nc2ccc(OC(F)(F)F)cc2)n(CCc2ccncc2)n1,1340
Cn1ncc(NCc2ccncc2)c1C(=O)Nc1cccc(C(F)(F)F)c1,1340
Nc1ncc(NCCCO)cc1-c1cncc(Nc2cccc(Cl)c2)n1,1360
CC(C)(C)c1cc(NC(=O)c2cccc(Oc3cccc4[nH]c(=O)[nH]c34)c2)n(-c2ccccc2)n1,1370
COc1cc2c(Nc3c(Cl)ccc4ccoc34)ncnc2cc1OCCCN1CCOCC1,1380
COc1cc(OC)cc(N(CCNC2CCCC2)c2ccc3ncc(-c4cnn(C)c4)nc3c2)c1,1380.38
CCN(C)C(=O)c1ccc2c(c1)NC(=O)/C2=C(\Nc1ccc(CN2CCCCC2)cc1)c1ccccc1,1447
COc1cc(C2=C(c3cn(COc4ccccc4)c4ccccc34)CNC2=O)cc(OC)c1OC,1500
COc1cc2c(Nc3ccc(Cl)cc3F)ncnc2cc1OC1CCN(C)CC1,1500
CN1CCN(c2ccc(-c3cnc4c(-c5ccnc6ccccc56)cnn4c3)cc2)CC1,1520
CC(C)(C)c1cc(NC(=O)Nc2ccc(-c3cc(N)n[nH]3)cc2)no1,1520
CC(C)n1nc(-c2ccc(O)c(F)c2)c2c(N)ncnc21,1530
COc1cc(OC)cc(N(CCN2CCC(N)C2)c2ccc3ncc(-c4cnn(C)c4)nc3c2)c1.Cl,1548.82
COc1ccc(-c2cnc3cncc(Nc4cc(OC)ccc4OC)c3n2)cc1,1600
COc1cc2ncnc(Nc3ccc(Br)cc3F)c2cc1OC,1650
Cn1cnc(NCc2ccncc2)c1C(=O)Nc1ccc(Cl)cc1,1650
Nc1ccc(C#Cc2ccc3nc(NC(=O)Nc4ccc(F)c(Cl)c4)cn3n2)cc1,1688
CCN1CCC(CNc2nccc(-c3cccnc3Oc3ccc(Nc4nc5ccccc5[nH]4)c4ccccc34)n2)CC1,1754
COc1ccc(-c2ccc3c(c2)NC(=O)/C3=C\c2[nH]cc(CCC(=O)O)c2C)cc1,1800
Cc1ccc(Nc2nnc(-c3ccc(C(N)=O)cc3)c3ccccc23)cc1,1800
COc1cc(OC)cc(N(CCN2CCCC(C(N)=O)C2)c2ccc3ncc(-c4cnn(C)c4)nc3c2)c1,1819.7
Cc1cc(C)cc(Nc2nccc(-n3ccnc3C3CC3)n2)c1,1870
COc1cc(C2=C(c3cn(CCN)c4ccccc34)C(=O)NC2=O)cc(OC)c1OC,1885
COc1cc(OC)cc(-c2cc3cnc(N(CCCO)C(C)=O)cc3nc2NC(=O)NC(C)(C)C)c1,1900
COc1ccc(-n2nc(-c3ccncc3)c(-c3ccc(F)cc3)c2N)cc1,1900
Cc1cccc(C)c1OC(=O)N(c1cccc(-c2ccccc2)c1)c1ccnc(Nc2ccc(N3CCN(C)CC3)cc2)n1,1900
COc1cc2c(Nc3ccc(NC(=O)c4cccc(Cl)c4)cc3)ncnc2cc1OCCN1CCCCC1,1990
COc1cc(N2Cc3cnc4[nH]ccc4c3N(C)C2=O)c(Cl)c(OC)c1Cl,2000
Oc1nc(NCc2ccccc2)nc(Nc2ccc3ncsc3c2)n1,2000
COc1ccc(Nc2nnc(-c3ccc(C(N)=O)cc3)c3ccccc23)cc1,2000
CC(C)(C)c1ccc(Nc2nnc(-c3cccc4ncccc34)c3ccccc23)cc1,2000
COc1cc2c(cc1OC)Nc1ncnc(NCc3ccc(F)c(Cl)c3)c1NC2,2000
COc1cccc(CNc2ncnc3c2NCc2cc(OC)c(OC)cc2N3)c1,2000
OCCCNc1cncc(-c2ncnc(Nc3cccc(Cl)c3)n2)c1,2010
Cc1cc(-n2cc(-c3ccccc3NCc3ccncc3)nn2)ccc1C(F)(F)F,2020
COc1nc(NCCN2CCOCC2)ncc1C(=O)Nc1cc(C(=O)Nc2cccc(C(F)(F)F)c2)ccc1C,2030
CN1CCCC1CCNc1nccc(-c2cccnc2Oc2ccc(Nc3nc4ccccc4[nH]3)c3ccccc23)n1,2059
CCn1cc(NC(=O)Cc2ccc(Oc3ccnc4ccc(OC)cc34)cc2OC)cn1,2073
CNC(=O)c1ccc2c(c1)NC(=O)/C2=C(\Nc1ccc(CN2CCCCC2)cc1)c1ccccc1.Cl,2099
Cc1cccc(NC(=O)Cc2ccc(-c3cccc4c3CNC4=O)cc2)c1,2100
O=C(Nc1ccc(Cc2ccccc2)cc1)c1ccccc1Cn1ccc2ncnc-2c1,2120
O=S(=O)(Cc1ccccc1)Nc1cccc(CNc2ncnc3c2cnn3CCc2ccccc2)c1,2230
COc1cc2c(Nc3ccc(-c4nc5ccc(Cl)cc5s4)cc3F)ncnc2cc1OCCCN1CCN(C)CC1,2250
COC1CCN(c2nccc(Nc3cc4c(ccn4C4CCCC4)cn3)n2)CC1,2270
Cc1noc(NCc2ccncc2)c1C(=O)Nc1cccc(C(F)(F)F)c1,2270
CNC(=O)c1cc(OC)cc(N(CCO)c2ccc3ncc(-c4cnn(CCOC)c4)nc3c2)c1,2290.87
CNS(=O)(=O)c1ccc2c(c1)/C(=C/c1[nH]c3c(c1CCCN1CCOCC1)CCCC3)C(=O)N2,2300
CN(C)CCCNC(=O)c1csc2nc(-c3ccc(NC(=O)Nc4cc(C(C)(C)C)on4)cc3)cn12,2458
CCOCCNc1nccc(Oc2ccc(NC(=O)C3(C(=O)Nc4ccc(F)cc4)CC3)cc2F)n1,2468.5
COc1cc(OC2CCN(C)CC2)c2c(Nc3cccc4c3OCO4)ncnc2c1,2500
COCCCc1cc(Nc2ccnc(NCc3cc(C)no3)n2)n[nH]1,2511.89
COc1cc(O)cc(N(CCO)c2ccc3ncc(-c4cnn(C)c4)nc3c2)c1,2570.4
c1ccc(-c2oc3ncnc(NCCN4CCNCC4)c3c2-c2ccccc2)cc1,2600
COc1cc(-c2nn(C(C)C)c3ncnc(N)c23)ccc1N,2600
O=C(c1ccccc1NCc1ccc2c(c1)OCO2)c1n[nH]c2ccccc12,2600
CNc1nccc(-c2cc(C)cnc2Oc2cccc(C(=O)Nc3cc(C(F)(F)F)ccc3N3CCCCC3)c2C)n1,2600
c1cnc(NCc2ccc3c(c2)OCO3)c(-c2nnc(Nc3ccc4c(c3)OCCO4)o2)c1,2600
c1cc2c(ncc3nnc(C4CCCCC4)n32)[nH]1,2600
O=C(NCC(F)(F)F)Nc1cncc(-c2cnc3cc(Cl)ccn23)c1,2600
CCS(=O)(=O)c1ccc2c(c1)/C(=C/c1[nH]c3c(c1CCCN1CCN(C)CC1)CCCC3)C(=O)N2,2600
Cc1ccc(-n2nc(-c3ccncc3)c(-c3ccc(F)cc3)c2N)cc1,2600
Cc1nc2cnc3[nH]ccc3c2n1C1CCCCC1,2600
COc1ccc(NC(=O)Nc2nc(Sc3c[nH]c4ccccc34)cc(N3CCCC3)n2)cc1,2610
Cc1ccoc1C(=O)Nc1ccc(Oc2ccnc(-c3ccc[nH]3)c2)cc1,2610
Cc1ccc(C(=O)NC2CC2)cc1-c1ccc2c(O[C@@H](C)C(F)(F)F)nncc2c1,2680
c1ccc(Oc2ccc(Nc3ncnc4ccccc34)cc2)cc1,2720
NC(=O)/C=C\c1ccc(NC(=O)Nc2cc(C(F)(F)F)ccc2F)cc1,2790
c1cncc(CNc2ccccc2-c2nnc(Nc3ccc4c(c3)OCCO4)[nH]2)c1,2800
CN1CCN(CCCNc2cc3nc(N)c(-c4ccccc4)cc3cn2)CC1,2900
O=C(Nc1ccc(OC(F)(F)F)cc1)c1nnnn1CCc1ccncc1,2970
C=CC(=O)Nc1ccc(C(=O)Nc2ccc(C)c(Nc3nccc(-c4cccnc4)n3)c2)cc1C(F)(F)F,3000
CCN(CC)CCNC(=O)c1c(C)[nH]c(/C=C2\C(=O)Nc3ccc(Cl)cc32)c1C,3000
COc1cc(OC)cc(N(Cc2cccnc2)c2ccc3ncc(-c4cnn(C)c4)nc3c2)c1,3019.95
COc1cc(C2=C(c3cn(COCC[Si](C)(C)C)c4ccccc34)CNC2=O)cc(OC)c1OC,3100
COc1cc(OC)cc(N(CC(O)CO)c2ccc3ncc(-c4cnn(C)c4)nc3c2)c1,3162.28
c1cncc(CNc2ccccc2-c2nnc(Nc3ccc4c(c3)OCCO4)[nH]2)c1,3200
O=C(Nc1ncnc2oc(-c3cccnc3)cc12)C1CC1,3240
Cc1nc(NC(=O)N2CCN(C3CCCC3)C2=O)ccc1Oc1ccnc(-c2cnn(C)c2)c1,3300
CCC(=O)NC(=O)Nc1ccc(Oc2ccnc(-c3cnn(C)c3)c2)c(C)n1,3300
Cc1nc(NC(=O)NC(=O)C2CCOCC2)ccc1Oc1ccnc(-c2cnn(C)c2)c1,3300
COc1cc(OC)cc(N(C[C@@H](O)CNCC(F)(F)F)c2ccc3ncc(-c4cnn(C)c4)nc3c2)c1,3311.31
Cc1cc(C(=O)N2CCOCC2)[nH]c1/C=C1\C(=O)Nc2ncnc(Nc3ccc4c(c3)CCC4)c21,3460
Cn1cnc(NCc2cccc3ncccc23)c1-c1nnc(Nc2ccc(Cl)cc2)o1,3540
COc1ccc(-c2cc3c(NC(=O)C4CC4)ncnc3o2)cc1,3550
COc1cc(Nc2ncc3c(=O)n(-c4c(C)cccc4C)c4nc5ccccc5n4c3n2)ccc1N1CCN(C)CC1,3600
FC(F)(F)c1cc(Nc2nc3cc(Oc4ccncc4)ccc3[nH]2)ccc1Cl,3896
Cc1cc(Nc2nc(NCc3cc(C(C)(C)C)no3)ncc2Br)n[nH]1,3981.07
COc1cc(OC)cc(N(CCO)c2ccc3ncc(-c4cnn(C)c4CCO)nc3c2)c1,3981.07
NC(=O)c1cccc(-c2nnc(Nc3ccc(OC(F)(F)Cl)cc3)c3ccccc23)c1,4100
Nc1ncnc2c1c(-c1cccc3[nH]ccc13)nn2C1CCCC1,4130
Cc1n[nH]c2nccc(-c3ccc(NC(=O)Nc4ccccc4N4CCN(C)CC4)cc3)c12,4164
CNC(=O)c1cc(OC)cc(N(CC2CC2)c2ccc3ncc(-c4cn[nH]c4)nc3c2)c1,4168.69
Cc1cc(C)cc(Nc2nccc(-n3ccnc3N)n2)c1,4220
CC(C)COC(=O)Nc1ccc(-c2cnc3c(-c4ccc(N5CCN(C)CC5)cc4)cnn3c2N)cc1,4233
CN(C)CCNC(=O)c1cncc(-c2cncc(Nc3cccc(Cl)c3)n2)c1,4265.8
COC/C(CN(c1cc(OC)cc(OC)c1)c1ccc2ncc(-c3cnn(C)c3)nc2c1)=N\O,4265.8
Cc1ccc(NC(=O)CN2CCN(c3nnc(-c4ccccc4)c4ccccc34)CC2)cc1,4270
CCn1cc(NC(=O)Cc2ccc(Oc3ccnc4cc(F)ccc34)cc2OC)cn1,4282
N=C(Nc1ccccc1)SCCCN1C(=O)C2=C(C1=O)n1ccc3cccc(c31)C1Cc3ccccc3N21,4300
COc1ccc(Nc2nccc(Oc3ccc(NC(=O)C4(C(=O)Nc5ccc(F)cc5)CC4)cc3F)n2)cc1,4394
CS(=O)(=O)c1ccc(-c2nnc(-c3cccnc3NCC3COCCO3)[nH]2)cc1,4500
COc1cc(Nc2ncc3c(n2)CCN(C(=O)c2ccccc2)C3)cc(OC)c1OC,4760
CCn1cc(NC(=O)Cc2ccc(Oc3ncnc4cc(OC)c(OC)cc34)c(OC)c2)cn1,4773
CCCCOc1cc2c(Nc3ccc(NC(=O)OCC)c(Cl)c3)ncnc2cc1OCCN(CC)CC,4800
CCOc1cc2nccc(Oc3cnc(CC(=O)Nc4n[nH]c(CC)c4C)c(OC)c3)c2cc1OC,4819
O=S(=O)(Nc1cccc(CNc2ncnc3c2cnn3CCc2ccccc2)c1)c1ccc(Br)cc1,4890
CC(C)c1cc2c(cc1N1CCN(C3COC3)CC1)C(C)(C)c1[nH]c3cc(C#N)ccc3c1C2=O,5000
CNc1nccc(-c2cccnc2Oc2c(C)cc(Nc3nc4ccccc4[nH]3)c3ccccc23)n1,5000
CC(=O)Nc1ccc(C)c(C(=O)Nc2cnc(Nc3ccc(N4CCN(C)CC4)cc3)nc2)c1,5000
Cc1ccc(C(=O)NCCCC2CCCCC2)cc1C(=O)Nc1ccc(N)nc1,5000
Cc1cccc(C)c1-n1c(=O)c2cnc(Nc3ccc(N4CCN(C)CC4)cc3)nc2n2c3ccccc3nc12,5100
Cc1ccc(C(=O)NC2CC2)cc1-c1ccc2c(NCCN3CCOCC3)nncc2c1,5145
CCN(CC)CCOc1cc2ncnc(Nc3ccc(NC(=O)OC)c(Cl)c3)c2cc1OC,5200
CN1CCN([C@H]2CC[C@H](n3nc(-c4ccc(Oc5ccccc5)cc4)c4c(N)ncnc43)CC2)CC1,5320
CCOC(=O)Nc1cc(Nc2ncnc3cc(OC)c(OC)cc23)ccc1Cl,5550
COc1cc(OC)cc(N(CC2CC2)c2ccc3ncc(-c4cnn(CCN5CCNCC5)c4)nc3c2)c1.Cl,5623.41
CCCCOc1cc2c(Nc3ccc(NC(=O)OCC)c(C)c3)ncnc2cc1OCCN(CC)CC,5700
COc1cc(OC)cc(N(CC2CC2)c2ccc3ncc(-c4cnn(CC(O)CN5CCCCC5)c4)nc3c2)c1,5754.4
COc1cc(OC)cc(N(CC(C)(C)O)c2ccc3ncc(-c4cnn(C)c4)nc3c2)c1,5754.4
COc1cc(OC)cc(N(C/C(C)=N\O)c2ccc3ncc(-c4cnn(C)c4)nc3c2)c1,5754.4
COC(=O)Nc1ccc(Nc2ncnc3cc(OC)c(OC)cc23)cc1,5800
COc1cc(OC)cc(N(CC2CC2)c2ccc3ncc(-c4cnn(CC5CCNCC5)c4)nc3c2)c1,5888.44
Cc1c(O)c(O)c(O)c2c1COC2=O,5960
O=C1/C(=C\c2ccc(O)c(O)c2)Oc2ccccc21,5960
Cc1nnc(-c2ccc(-c3cc(C(=O)Nc4cccc(N5CCOCC5)c4)ccc3C)c(C)c2)o1,6000
CN1CCN(c2cccc(-c3cnn4c(N)c(-c5ccc(NC(=O)N(C)C6CCCCC6)cc5)cnc34)c2)CC1,6000
COc1ccc2[nH]c3c(c2c1)CN(C(C)=O)CCC3,6000
COc1cc(OC)cc(N(C[C@H](C)N)c2ccc3ncc(-c4cnn(C)c4)nc3c2)c1,6025.6
COc1cc(OC)cc(N(CCO)c2ccc3ncc(-c4cnn(C)c4CCCO)nc3c2)c1,6025.6
COc1cccc(NC(=O)Nc2ccc(Nc3ncnc4cc(OC)c(OC)cc34)cc2)c1,6200
COc1cc2ncnc(Nc3ccc(-c4nc5ccccc5s4)cc3)c2cc1OC,6300
O=C(Cc1ccccc1)Nc1cccc(CNc2ncnc3c2cnn3CCc2ccccc2)c1,6450
COc1cc(OC)cc(N(CCCN2C[C@@H](C)O[C@@H](C)C2)c2ccc3ncc(-c4cnn(C)c4)nc3c2)c1,6760.83
CCCCOC(=O)Nc1ccc(Nc2ncnc3cc(OC)c(OC)cc23)cc1,6800
[2H]C([2H])([2H])Oc1cc(F)cc(N(CCN)c2ccc3ncc(-c4cnn(C)c4)nc3c2)c1,6918.31
COc1cc2ncnc(Nc3ccccc3)c2cc1OC,7000
Nc1nccc(/C=C/c2c(-c3ccccc3)nc3sccn23)n1,7000
Nc1nccc(/C=C/c2c(-c3ccccc3)ncn2Cc2ccccc2)n1,7000
Nc1ncnc2c1c(-c1cccc(Oc3ccccc3)c1)cn2C1CCCC1,7100
CCOC(=O)Nc1ccc(Nc2ncnc3cc(OC)c(OCCN(CC)CC)cc23)cc1C,7250
c1ccc(-c2nnc(Nc3ccc4c(c3)OCCO4)[nH]2)c(NCc2ccc3[nH]ncc3c2)c1,7300
COc1cc(OC)cc(N(CC#CC2(O)CCNC2)c2ccc3ncc(-c4cnn(C)c4)nc3c2)c1,7413.1
CCN(CC)CCOc1cc2c(Nc3ccc(Br)cc3F)ncnc2cc1OC,7450
COc1cc(OC)cc(N(c2ccc3ncc(-c4cnn(C)c4)nc3c2)C(C)CNCC(F)(F)F)c1,7585.78
COc1cc2nc(Cl)nc(Nc3ccc(S(=O)(=O)Nc4nccs4)cc3)c2cc1OC,7790
COc1cc(OC)cc(N(CCO)c2ccc3ncc(-c4c(C)nn(C)c4C)nc3c2)c1,7943.28
COC(=O)c1ccc2c(c1)NC(=O)/C2=C(\Nc1ccccc1)c1ccccc1,8000
COc1cccc(-n2c(=O)c3cnc(Nc4ccc(N5CCN(C)CC5)cc4)nc3n3c4ccccc4nc23)c1,8300
N#Cc1ccc(NC(=O)Nc2ccc(Sc3ccnc4ccsc34)cc2)cc1,8360
CCCCOc1cc2c(Nc3ccc(NC(=O)OC)c(C)c3)ncnc2cc1OCCN(CC)CC,9400
COc1cc(OC)cc(N(CC2CC2)c2ccc3ncc(-c4cnn(CCN5CCN(CCO)CC5)c4)nc3c2)c1.Cl,9549.93
COc1cc2ncnc(Oc3ccc(F)c(Cl)c3)c2cc1OC,9800
Cc1cccc(N/C(S)=N\c2ccc(-c3cccc4c3CNC4=O)cc2)c1,10000
CSc1ncc2c(n1)CCN(c1cncc(C(=O)Nc3cccc(C(F)(F)F)c3)c1)C2,10000
CC(C)(C)NC(=O)c1ccc(-c2nnc(Nc3ccc(OC(F)(F)Cl)cc3)c3ccccc23)cc1,10000
CC(C)c1cccc(NC(=O)c2ccnc(N3CCc4nc(N)ncc4C3)c2)c1,10000
CSc1ncc2c(n1)CCN(c1cccc(C(=O)Nc3cccc(C(C)C)c3)n1)C2,10000
COc1cc(-c2nc3ccccc3s2)ccc1Nc1ncnc2cc(OC)c(OC)cc12,10000
CC(C)COC(=O)Nc1ccc(-c2cnc3c(-c4cccc(N5CCN(S(C)(=O)=O)CC5)c4)cnn3c2N)cc1,10000
CC(=O)N1CCC(Nc2ncc3c(n2)-c2c(c(C(N)=O)nn2C)CC3)CC1,10000
COc1ccc(-c2nnc(Nc3ccc(OC(F)(F)Cl)cc3)c3ccccc23)cc1,10000
Cc1nn(CCc2ccncc2)c(C(=O)Nc2ccc(Cl)cc2)c1C,10000
O=C(Nc1ccc(Cl)cc1)c1ccnn1CCc1cccnc1,10000
Cn1cnc(NCc2ccncc2)c1C(=O)Nc1ccc(Oc2ccccc2)cc1,10000
Cn1ncc(NCc2ccncc2)c1C(=O)Nc1ccc(Oc2ccccc2)cc1,10000
Cn1ncc(NCc2cccnc2)c1C(=O)Nc1cccc(C(F)(F)F)c1,10000
O=C(c1ccc(Br)o1)N1N=C(c2cccnc2)CC1c1ccccc1O,10000
Clc1ccc(Nc2nnc(Cc3ccncc3)c3cccnc23)cc1,10000
CC(C)n1cc(C(=O)c2cccc(NC(=O)Nc3ccc(Cl)cc3)c2)c2c(N)ncnc21,10000
Cn1cnc(NCc2ccccn2)c1-c1nnc(Nc2ccc(Cl)cc2)o1,10000
c1cncc(CNc2ncccc2-c2nnc(Nc3ccc4c(c3)OCO4)o2)c1,10000
Cc1ccc(Nc2nnc(-c3ccc(C(=O)N(C)C)cc3)c3ccccc23)cc1,10000
Cc1ccc(-c2nnc(Nc3ccc(OC(F)(F)Cl)cc3)c3ccccc23)cc1S(N)(=O)=O,10000
NC(=O)c1ccc(-c2nnc(Nc3ccc(Oc4ccccc4)cc3)c3ccccc23)cc1,10000
O=C1Nc2ccccc2C2=NCC(c3ccc(Cl)cc3)CN12,10000
Nc1ccc(C2CN=C3c4ccccc4NC(=O)N3C2)cc1,10000
CNc1ccc(C2CN=C3c4ccc(C(=O)OC)cc4NC(=O)N3C2)cc1,10000
NC(=O)/C=C/c1cccc(NC(=O)Nc2cc(C(F)(F)F)ccc2F)c1,10000
COc1cc2c(Nc3ccc(-c4nc5cc(C(F)(F)F)ccc5s4)cc3)ncnc2cc1OCCCN1CCN(C)CC1,10000
Cn1ncc(NCc2ccncc2)c1C(=O)Nc1ccc(Cc2ccccc2)cc1,10000
COc1cc2c(cc1OC)Oc1ncnc(Oc3ccc(F)c(Cl)c3)c1N(C)C2,10000
COc1cc2c(cc1OC)Oc1nc(C)nc(Nc3cccc(Cl)c3F)c1NC2,10000
C#Cc1cccc(Nc2ncnc3c2NCc2cc(OC)c(OC)cc2O3)c1,10000
COc1cc2ncnc(Nc3cccc(O)c3C)c2cc1OC,10000
CN(C)C(=O)c1cc2cnc(Nc3ccc(NC(=O)C4(C(=O)Nc5ccc(F)cc5)CC4)cc3)nc2n1C1CCCC1,10000
Cn1cnc(NCc2ccncc2)c1C(=O)Nc1ccc(-c2ccccc2)cc1,10000
Cn1ncc(NCc2ccncc2)c1C(=O)Nc1ccc(Cl)cc1,10000
Cc1noc(NCc2ccncc2)c1C(=O)Nc1ccc(-c2ccccc2)cc1,10000
Cc1noc(NCc2ccncc2)c1C(=O)Nc1ccc(Cc2ccccc2)cc1,10000
Cc1noc(NCc2ccncc2)c1C(=O)Nc1ccc(Cl)cc1,10000
Brc1cccc(Nc2ncnc3ccc(NCc4ccc5c(c4)OCCCO5)cc23)c1,10000
Nc1ncc2c(n1)CCN(c1cccc(C(=O)Nc3ccccc3)n1)C2,10000
Nc1ncc2c(n1)CN(c1ccnc(C(=O)Nc3cccc(C(F)(F)F)c3)c1)C2,10000
COC(=O)c1ccc2c(c1)NC(=O)/C2=C(\NC1CCN(C)CC1)c1ccccc1,10000
NC(=O)c1ccc(-c2nnc(Nc3ccc(OCc4ccccc4)cc3)c3ccccc23)cc1,10000
Clc1cccc(-n2cc(-c3ccccc3NCc3c[nH]cn3)nn2)c1,10000
Cc1ccc(C(=O)NC2CC2)cc1-c1ccc2c(-c3ccccc3C)nncc2c1,10000
COc1ccc(-c2nnc(Nc3ccc(Cl)cc3)c3ccccc23)cc1,10000
Clc1ccc2c(c1Nc1ncnc3cc(OCCN4CCCC4)cc(OC4CCOCC4)c13)OCO2,10000
NC(=O)c1ccc(-c2nnc(N3CCOCC3)c3ccccc23)cc1,10000
NC(=O)c1ccc(-c2nnc(N3CCCCC3)c3ccccc23)cc1,10000
NC(=O)c1ccc(-c2nnc(Sc3ccc(OC(F)(F)F)cc3)c3ccccc23)cc1,10000
COc1cc(Oc2ccnc3ccc(F)cc23)ccc1CC(=O)Nc1noc(C)c1C,10000
COc1cc(Oc2ncnc3cc(OC)c(OC)cc23)ccc1CC(=O)Nc1cn(C)nc1C,10000
Cn1c(=O)c(Sc2ccc(F)cc2)cc2cnc(Nc3ccc4[nH]ccc4c3)nc21,10000
CN1CCN(c2ccc(-c3cc4c(N5CCN(C(=O)Nc6ccc(Cl)c(C(F)(F)F)c6)CC5)ncnc4s3)cc2)CC1,10000
O=C(CCCl)Nc1ccc2ncnc(Nc3ccc4[nH]cc(Br)c4c3)c2c1,10000
COc1ccc(-c2cncc(C#N)c2Nc2ccc3[nH]ccc3c2)cc1OC,10000
Cn1cnc(-c2cc3nccc(Oc4ccc(NC(=O)c5cnn(-c6ccccc6)c5C(F)(F)F)cc4F)c3s2)c1,10000
CC(C)(C)C(=O)N1Cc2c(NC(=O)c3cc(F)cc(F)c3)n[nH]c2C1(C)C,10000
CC(C)(C)c1ccc(NC(=O)c2scnc2CCc2ccc3ccccc3n2)cc1,10000
CN1CCN(c2ccc(OC(F)(F)F)c(Nc3nccc(-c4cc5c(n4C)CCNC5=O)n3)c2)CC1,10000
FC(F)(F)c1cccc(-n2cc(-c3ccccc3NCc3ccccn3)nn2)c1,10000
O=C(c1ccccc1NCc1cn[nH]c1)c1n[nH]c2ccccc12,10000
O=C1NC(=O)c2ccc(I)cc2/C1=C/NCc1ccc(-c2ccoc2)c(O)c1,10000
COc1cc2ncnc(Nc3cccc(Cl)c3F)c2cc1CN(C)[C@@H](CN(C)C)C(N)=O,10000
COc1cc2ncnc(Nc3cccc(Cl)c3F)c2cc1CN(C)CC(N)=O,10000
COc1cc2ncnc(Nc3cccc(Cl)c3F)c2cc1CN1CCCC[C@@H]1C(N)=O,10000
COc1cc2ncnc(Nc3cccc(Cl)c3F)c2cc1CN1CC[C@H](C(N)=O)C1,10000
COc1cc2ncnc(Nc3cccc(Cl)c3F)c2cc1CN1CCC[C@H]1C(N)=O,10000
COc1cc2c(cc1OC)Oc1ncnc(Nc3ccc(F)cc3Cl)c1NC2,10000
COc1cc2c(cc1OC)Oc1ncnc(Nc3cccc(Cl)c3F)c1NC2,10000
O=C(Nc1ccc(OC(F)(F)F)cc1)c1cc2ccccc2n1CCc1ccncc1,10000
Cn1cnc(NCc2ccncc2)c1C(=O)Nc1ccc(Cc2ccccc2)cc1,10000
C=CC(=O)Nc1cccc(C)c1Nc1ncc(OCc2c(F)c(OC)cc(OC)c2F)cn1,10000
NC(=O)c1c(-c2cccc(NC(=O)Nc3ccccc3)c2)nsc1N,10000
O=C(Nc1cccc(C(F)(F)F)c1)c1nscc1NCc1cccnc1,10000
O=C(Nc1ccccc1Br)c1nscc1NCc1ccncc1,10000
Fc1ccc(Nc2ncnn3cccc23)cc1Cl,10000
COc1cc(Nc2nn3c(N[C@H](CO)Cc4ccccc4)cc(C4CC4)nc3c2C(N)=O)cc(OC)c1,10000
COC(=O)c1ccc2c(c1)NC(=O)/C2=C(\NC1CCC(NC(=O)CN(C)C)CC1)c1ccccc1,10000
CCNCc1cncc(/C=C/c2c[nH]nc2-c2nc(C(F)(F)F)c[nH]2)c1,10000
FC(F)(F)c1cccc(-c2nnc(-c3cccnc3NCc3cn[nH]c3)[nH]2)c1,10000
FC(F)(F)c1cccc(Nc2nnc(-c3cc4ccccc4nc3CCc3ccncc3)o2)c1,10000
COc1cc(OC)cc(N(CCF)c2ccc3ncc(-c4cnn(C)c4)nc3c2)c1,10000
COc1cc(OC)cc(N(CC#Cc2nccc(OC)n2)c2ccc3ncc(-c4cnn(C)c4)nc3c2)c1,10000
COc1cc(OC)cc(N(CC#Cc2ccc(C)cn2)c2ccc3ncc(-c4cnn(C)c4)nc3c2)c1,10000
CCOC(=O)C1CCN(CCN(c2cc(OC)cc(OC)c2)c2ccc3ncc(-c4cnn(C)c4)nc3c2)CC1,10000
COc1cc(OC)cc(N(Cc2cccc(Cl)c2)c2ccc3ncc(-c4cnn(C)c4)nc3c2)c1,10000
COc1cc(OC)cc(N(CC2CC2)c2ccc3ncc(-c4cnn(CC(C)C)c4)nc3c2)c1,10000
COCCn1cc(-c2cnc3ccc(N(CC4CC4)c4cc(OC)cc(OC)c4)cc3n2)cn1,10000
COc1cc(OC)cc(N(CC2CC2)c2ccc3ncc(-c4cnn(S(C)(=O)=O)c4)nc3c2)c1,10000
COc1cccc(N(CC2CC2)c2ccc3ncc(-c4cnn(C)c4)nc3c2)c1OC,10000
CNC(=O)C(C)(C)n1cc(-c2cnc3ccc(N(CC4CC4)c4cc(OC)cc(OC)c4)cc3n2)cn1,10000
COCCNC(=O)C(C)(C)n1cc(-c2cnc3ccc(N(CC4CC4)c4cc(OC)cc(OC)c4)cc3n2)cn1,10000
COc1cc(OC)cc(N(CC2CC2)c2ccc3ncc(-c4cnn(CC(=O)NCCO)c4)nc3c2)c1,10000
COc1cc(OC)cc(N(CC2CC2)c2ccc3ncc(-c4cnn(CCNS(=O)(=O)N(C)C)c4)nc3c2)c1,10000
CNCCN(c1cc(OC)cc(OC)c1)c1ccc2ncc(-c3cn[nH]c3)nc2c1,10000
COc1cc(OC)cc(N(CCN)c2ccc3ncc(-c4cn[nH]c4)nc3c2)c1.Cl,10000
Cc1ccc(F)c(C(=O)Nc2ccc(Oc3ccnc(-c4ccc[nH]4)c3)cc2)c1,10028
Cc1cc(C)c(/C=C2\C(=O)Nc3ccccc32)[nH]1,10600
COc1cc(C2=C(c3c[nH]c4ccccc34)C(=O)NC2)cc(OC)c1OC,11000
Cc1ccc(NC(=O)c2ccc(/C=C/C(=O)NO)cc2)cc1Nc1nc(-c2cccnc2)cs1,11000
Cc1n[nH]c2nccc(-c3ccc(NC(=O)NC(C)(C)C)cc3)c12,11382
Nc1ccccc1NC(=O)c1ccc(C(=O)Nc2cccc(Nc3ncc(-c4cccnc4)s3)c2)s1,12000
Cn1nc(-c2ccc3ncccc3c2)c2c(N)ncnc21,12000
COc1ccc(-c2cc3c(NC(=O)N4CCCC4)ncnc3o2)cc1,12300
Nc1noc2cccc(-c3ccc(NC(=O)c4ccccc4)cc3)c12,12500
Cc1cc(C)c(/C=C2\C(=O)Nc3ccccc32)[nH]1,12900
COC(=O)c1c(OCCCN(C)C)c2ccccc2c2oc3c(c12)C(=O)c1ccccc1C3=O,15500
Cc1cc(Nc2nc(NCc3cc(C(=O)N4CCCC4)no3)ncc2Br)n[nH]1,15848.93
Nc1nc(Nc2cccc(Br)c2)c2cc(CCc3ccc4ccccc4c3)[nH]c2n1,16800
CNc1nccc(/C=C/c2c(-c3ccccc3)nc3sccn23)n1,17000
CCCC(=Cc1coc2nc(=N)[nH]c(N)c12)c1ccccc1OC,17800
CS(=O)(=O)c1ccc(CNCc2cc(C(=O)O)c(Nc3ccc(I)cc3F)c(F)c2F)cc1,18000
CCN(CC)CCNC(=O)c1c(C)[nH]c(/C=C2\C(=O)Nc3ccc(F)cc32)c1C,18900
CC(=O)Nc1c(C(N)=O)sc2[nH]nc(C)c12,19000
Cc1n[nH]c2sc(C(N)=O)c(NC(=O)Nc3ccccc3)c12,20000
Cc1n[nH]c2sc(C(=O)NC3CCCCC3)cc12,20000
COc1ccc2[nH]c3c(c2c1)CN(C(=O)CC(C)C)CCC3,20000
Nc1ncc(-c2cnn([C@H]3CC[C@H](O)CC3)c2)c2c(C(F)F)c(-c3cccc4nnsc34)oc12,20000
Cc1ccc(NC(=O)c2ccnc(N3CCCC3)c2)cc1-c1ccc2c(C3CCNCC3)noc2c1,20000
Cc1nnc(-c2ccc(-c3cc(C(=O)NC4CC4)ccc3C)c(C)c2)o1,20000
Cc1ccc(C(=O)NC2CC2)cc1-c1ccc2c(=O)n(CC3CC3)nnc2c1,20000
Cc1ccc(NC(=O)c2ccc(CN3CCN(C)CC3)cc2)cc1-c1ccc(-c2csc(N)n2)cc1,20000
Cc1cc2c3c(c1)c(C1=C(c4cnc5ccccn45)C(=O)NC1=O)cn3CCN(C(=O)N1CCCCC1)C2,20000
COC(=O)c1cc2c(C)n[nH]c2s1,23000
O=C(Nc1ncnc2oc(-c3ccccc3)cc12)C1CCCC1,23000
COc1cccc(-c2c[nH]c(=O)c(-c3cc(OC)c(OC)c(OC)c3)n2)c1,23000
COc1cc(O)c2c(c1)/C=C\CCCC(=O)C[C@H](Br)C[C@H](C)OC2=O,24000
Nc1nc(Nc2ccc3[nH]ccc3c2)c2cc(CCc3ccccc3)[nH]c2n1,24900
Cc1ccc(C(=O)Nc2cccc(C(F)(F)F)c2)cc1NC(=O)c1cnc(NCCN2CCOCC2)nc1Oc1ccccc1,25000
COc1ncnc2c1ncn2CC(=O)c1ccccc1,25000
Cn1c(-c2c(O)c3ccccc3[nH]c2=O)nc2ccccc21,25000
Cc1ccc(C(=O)NCCC2CCCC2)cc1C(=O)Nc1ccc(N)nc1,25000
Cc1ccc(-n2c(=O)c3cnc(Nc4ccc(N5CCN(C)CC5)cc4)nc3n3c4ccccc4nc23)cc1,25000
Fc1ccc(Nc2ncnc3[nH]c(CCc4ccccc4)cc23)cc1Br,25200
Cc1ccc(N2CCOCC2)c(NC(=O)Nc2ccc(-c3ccnc4[nH]nc(C)c34)cc2)c1,26163
NS(=O)(=O)c1ccc(Nc2nc(Cl)nc3cc4c(cc23)OCO4)cc1,26900
Fc1ccc(-c2cn(-c3ccc(C(F)(F)F)cc3)nc2-c2ccncc2)cc1,27000
Oc1nc(NCc2ccccc2)nc(Nc2ccc3ncsc3c2)n1,30000
Cc1c(OC[C@@H](C)O)cn2ncnc(Oc3ccc4[nH]c(C(=O)O)cc4c3F)c12,30000
CC(Oc1ccc2ncccc2c1)c1c(Cl)ccc(F)c1Cl,32000
COc1cc(-c2nn([C@H]3CC[C@H](N4CCN(C)CC4)CC3)c3ncnc(N)c23)ccc1NC(=O)OCc1ccccc1,34200
Nc1cc(/C=C/c2c(-c3ccccc3)nc3sccn23)ncn1,35000
Cn1c(-c2ccnc(Nc3ccc(Cl)cc3)n2)nc2ccccc21,38000
O=C1NN=C(c2cnccn2)/C1=C/c1cc2ccccc2[nH]1,40010
COc1cccc(Nc2nc(N)nc3c2-c2ccccc2C3)c1,43000
Nc1c(C(=O)O)c(-c2ccncc2)nn1-c1c(Cl)cc(Cl)cc1Cl,43000
CC(C)n1nc(-c2cccc(C#N)c2)c2c(N)ncnc21,43000
COc1cc2nc(Cl)nc(Nc3ccc(S(=O)(=O)N(C)C)cc3)c2cc1OC,43300
COc1ccc(Nc2nccc(-c3nc4ccccc4n3C)n2)cc1,44000
COc1ccc(-c2cc3c(NC(=O)CCSC)ncnc3o2)cc1,47000
COc1ccc(-c2cc3c(NC(=O)N4CCOCC4)ncnc3o2)cc1,48000
CCCCCC(=O)Nc1ncnc2oc(-c3ccc(OC)cc3)cc12,48000
COc1ccc(-c2cc3c(NC(=O)C4CCCCC4)ncnc3o2)cc1,48000
COc1ccc(-c2cc3c(NC(=O)c4ccco4)ncnc3o2)cc1,48000
Cc1cccc(NC(=O)c2ccc(-c3c(C)sc4ncnc(N)c34)cc2)c1,50000
Cc1sc2ncnc(N)c2c1-c1ccc(NC(=O)c2cc3ccccc3[nH]2)cc1,50000
COc1ccc(C(N)=O)cc1COc1ccc(Cl)cc1,50000
Cc1oc(-c2ccccc2)nc1COc1cccc(CO)c1,50000
COc1cc(-c2nn([C@H]3CC[C@H](N4CCN(C)CC4)CC3)c3ncnc(N)c23)ccc1NS(=O)(=O)c1ccccc1,50000
N[C@H](COc1cncc(/C=C/c2ccncc2)c1)Cc1c[nH]c2ccccc12,50000
Cc1ccccc1-n1c(Cn2nc(-c3cccc(O)c3)c3c(N)ncnc32)nc2cccc(C)c2c1=O,50000
Nc1nc(Nc2cccc(Br)c2)c2cc(CCc3ccccc3)[nH]c2n1,50000
CC(C)n1nc(-c2ccc3nc(NN)ccc3c2)c2c(N)ncnc21,50000
O=C1Cc2cc3c(=O)[nH]c(=O)[nH]c3nc2-c2ncccc2N1,66000
Nc1ccccc1SCc1nc2ccccc2c(=O)[nH]1,67000
COc1cc(O)c2c(c1)/C=C\CCCC(=O)C[C@H](Cl)C[C@H](C)OC2=O,82000
CCN(CC)CCNC(=O)c1c(C)[nH]c(/C=C2\C(=O)Nc3ccc(F)cc32)c1C,83200
Nc1nc2c(c(Nc3ccc(F)cc3)n1)-c1ccccc1C2,89300
COc1cc(O)c2c(c1)CCCCCC(=O)C[C@H](Cl)C[C@H](C)OC2=O,93000
Cn1cnc(-c2ccccc2)c1C(=O)Nc1ccnc(N)n1,98000
COC(=O)c1cc2c(CN3CCCCC3)n[nH]c2s1,100000
CC(=O)c1cccc(-c2nn(C(C)C)c3ncnc(N)c23)c1,100000
C=C(CC[C@@H](C)[C@H]1CC[C@H]2[C@H](CCc3cc(O)ccc3C)[C@H](O)CC[C@]12C)C(C)C,100000
Cc1n[nH]c2sc(C(N)=O)c(NC(=O)c3cccc(Cl)c3)c12,100000
Cn1cnc(-c2ccccc2)c1C1CC1c1ccnc(N)n1,100000
Cn1cnc(-c2ccccc2)c1CNc1ccnc(N)n1,100000
Cc1ccccc1Cn1ccc2c(Nc3cccc(Br)c3)nc(N)nc21,113400
Nc1nc(Nc2ccccc2)c2c(n1)[nH]c1cccc(Cl)c12,123800
Nc1nc(Nc2ccc(F)c(Cl)c2)c2cc(CCc3ccccc3)[nH]c2n1,132100
Nc1nc(Nc2ccc(Cl)cc2)c2c(n1)-c1ccccc1C2,132900
Nc1nc(Nc2ccc(F)c(Br)c2)c2cc(CCc3ccccc3)[nH]c2n1,198300
Nc1nc(Nc2cccc(C(F)(F)F)c2)c2cc(CCc3ccccc3)[nH]c2n1,200000
Nc1nc2c(c(Nc3ccc(C(F)(F)F)cc3)n1)-c1ccccc1C2,200000
Nc1nc2c(c(Nc3cccc(Br)c3)n1)-c1ccccc1C2,200000
COc1ccc(OC)c(Cn2ccc3c(Nc4cccc(Br)c4)nc(N)nc32)c1,200000
Nc1nc(Nc2ccc(F)c(C(F)(F)F)c2)c2cc(CCc3ccccc3)[nH]c2n1,200000
COc1ccccc1C(=Cc1coc2nc(=N)[nH]c(N)c12)C(C)C,500000
Cc1nc(NCCN2CCOCC2)cc(Nc2cc(-c3cccc(NS(=O)(=O)c4ccccc4)c3)n[nH]2)n1,1000000
